weapon_type,weapon_type_description,firearm_make,firearm_model,firearm_barrel_length,firearm_caliber,total_number_of_shots,firearm_reloaded,number_of_cartridge_reloaded,handgun_worn_type,handgun_drawn_type,method_used_to_reload,sight_used,protective_cover_used,discharge_distance,object_struck_of_discharge,discharge_position,trr_id
TASER (PROBE DISCHARGE),,,,,,,True,,,,,True,,,,,96453
TASER (DRIVE STUN MODE),,,,,,,True,,,,,True,,,,,96465
TASER (PROBE DISCHARGE),,,,,,,True,,,,,True,,,,,96475
TASER (PROBE DISCHARGE),,,,,,,True,,,,,True,,,,,96483
TASER (PROBE DISCHARGE),,,,,,,True,,,,,True,,,,,96525
CHEMICAL WEAPON,,,,,,,True,,,,,True,,,,,96558
TASER (PROBE DISCHARGE),,,,,,,True,,,,,True,,,,,96565
TASER (DRIVE STUN MODE),,,,,,,True,,,,,True,,,,,96576
TASER (PROBE DISCHARGE),,,,,,,True,,,,,True,,,,,96576
TASER (PROBE DISCHARGE),,,,,,,True,,,,,True,,,,,96591
TASER (PROBE DISCHARGE),,,,,,,True,,,,,True,,,,,96596
TASER (PROBE DISCHARGE),,,,,,,True,,,,,True,,,,,96608
TASER (PROBE DISCHARGE),,,,,,,True,,,,,True,,,,,96618
TASER (PROBE DISCHARGE),,,,,,,True,,,,,True,,,,,96634
TASER (PROBE DISCHARGE),,,,,,,True,,,,,True,,,,,96644
TASER (PROBE DISCHARGE),,,,,,,True,,,,,True,,,,,96656
TASER (PROBE DISCHARGE),,,,,,,True,,,,,True,,,,,96673
TASER (PROBE DISCHARGE),,,,,,,True,,,,,True,,,,,96687
TASER (PROBE DISCHARGE),,,,,,,True,,,,,True,,,,,96692
TASER (PROBE DISCHARGE),,,,,,,True,,,,,True,,,,,96722
TASER (PROBE DISCHARGE),,,,,,,True,,,,,True,,,,,96727
TASER (PROBE DISCHARGE),,,,,,,True,,,,,True,,,,,96729
TASER (PROBE DISCHARGE),,,,,,,True,,,,,True,,,,,96740
CHEMICAL WEAPON,,,,,,,True,,,,,True,,,,,96759
TASER (PROBE DISCHARGE),,,,,,,True,,,,,True,,,,,96759
CHEMICAL WEAPON,,,,,,,True,,,,,True,,,,,96760
TASER (PROBE DISCHARGE),,,,,,,True,,,,,True,,,,,96772
TASER (PROBE DISCHARGE),,,,,,,True,,,,,True,,,,,96773
TASER (PROBE DISCHARGE),,,,,,,True,,,,,True,,,,,96785
TASER (PROBE DISCHARGE),,,,,,,True,,,,,True,,,,,96794
CHEMICAL WEAPON,,,,,,,True,,,,,True,,,,,96806
OTHER (SPECIFY),,,,,,,True,,,,,True,,,,,96806
TASER (PROBE DISCHARGE),,,,,,,True,,,,,True,,,,,96830
TASER (PROBE DISCHARGE),,,,,,,True,,,,,True,,,,,96846
SEMI-AUTO PISTOL,"GLOCK, INC.--AU--",,17,4, 9 MM,3.0,True,3.0,RIGHT SIDE (WAIST),STRONG SIDE DRAW,,False,NONE,10-15FT,PERSON,STANDING,96849
TASER (PROBE DISCHARGE),,,,,,,True,,,,,True,,,,,96857
TASER (PROBE DISCHARGE),,,,,,,True,,,,,True,,,,,96861
TASER (PROBE DISCHARGE),,,,,,,True,,,,,True,,,,,96881
TASER (PROBE DISCHARGE),,,,,,,True,,,,,True,,,,,96882
TASER (PROBE DISCHARGE),,,,,,,True,,,,,True,,,,,96889
TASER (PROBE DISCHARGE),,,,,,,True,,,,,True,,,,,96894
SEMI-AUTO PISTOL,"GLOCK, INC.--AU--",,21,4.6,45 CAL,5.0,True,0.0,RIGHT SIDE (WAIST),STRONG SIDE DRAW,DNA,True,WOODEN FENCE,05-10FT,PERSON,OTHER (SPECIFY),96895
SEMI-AUTO PISTOL,"GLOCK, INC.--AU--",,30,4,45 CAL,1.0,True,0.0,RIGHT SIDE (WAIST),STRONG SIDE DRAW,,False,DISTANCE,0-5FT,UNKNOWN,STANDING,96919
CHEMICAL WEAPON,,,,,,,True,,,,,True,,,,,96934
CHEMICAL WEAPON,,,,,,,True,,,,,True,,,,,96935
CHEMICAL WEAPON,,,,,,,True,,,,,True,,,,,96936
RIFLE,"SMITH & WESSON  -US- (BODYGUARD,CHIEF SPECIAL)",,M&P 4,16,223/5.56,4.0,True,,RIGHT SIDE (WAIST),OTHER (SPECIFY),,True,NOT COVERED,OVER 15FT,UNKNOWN,STANDING,96944
RIFLE,GWINN FIREARMS  --US--  (BUSHMASTER),,XM15,14.5,223/5.56,10.0,True,,RIGHT SIDE (WAIST),OTHER (SPECIFY),,True,NOT COVERED,OVER 15FT,UNKNOWN,STANDING,96948
TASER (PROBE DISCHARGE),,,,,,,True,,,,,True,,,,,96954
TASER (PROBE DISCHARGE),,,,,,,True,,,,,True,,,,,96955
TASER (PROBE DISCHARGE),,,,,,,True,,,,,True,,,,,96962
TASER (PROBE DISCHARGE),,,,,,,True,,,,,True,,,,,96977
TASER (PROBE DISCHARGE),,,,,,,True,,,,,True,,,,,96980
TASER (PROBE DISCHARGE),,,,,,,True,,,,,True,,,,,96981
TASER (PROBE DISCHARGE),,,,,,,True,,,,,True,,,,,96988
TASER (PROBE DISCHARGE),,,,,,,True,,,,,True,,,,,97005
CHEMICAL WEAPON,,,,,,,True,,,,,True,,,,,97023
OTHER (SPECIFY),,,,,,,True,,,,,True,,,,,97035
CHEMICAL WEAPON,,,,,,,True,,,,,True,,,,,97047
CHEMICAL WEAPON,,,,,,,True,,,,,True,,,,,97048
SEMI-AUTO PISTOL,"GLOCK, INC.--AU--",,19,4, 9 MM,1.0,True,0.0,RIGHT SIDE (WAIST),STRONG SIDE DRAW,,False,DUTY HOLSTER,10-15FT,OBJECT,STANDING,97082
TASER (PROBE DISCHARGE),,,,,,,True,,,,,True,,,,,97143
TASER (PROBE DISCHARGE),,,,,,,True,,,,,True,,,,,97155
TASER (PROBE DISCHARGE),,,,,,,True,,,,,True,,,,,97171
TASER (PROBE DISCHARGE),,,,,,,True,,,,,True,,,,,97172
TASER (PROBE DISCHARGE),,,,,,,True,,,,,True,,,,,97178
TASER (PROBE DISCHARGE),,,,,,,True,,,,,True,,,,,97187
TASER (PROBE DISCHARGE),,,,,,,True,,,,,True,,,,,97188
TASER (PROBE DISCHARGE),,,,,,,True,,,,,True,,,,,97193
TASER (PROBE DISCHARGE),,,,,,,True,,,,,True,,,,,97218
TASER (PROBE DISCHARGE),,,,,,,True,,,,,True,,,,,97228
TASER (DRIVE STUN MODE),,,,,,,True,,,,,True,,,,,97268
TASER (PROBE DISCHARGE),,,,,,,True,,,,,True,,,,,97279
TASER (PROBE DISCHARGE),,,,,,,True,,,,,True,,,,,97280
CHEMICAL WEAPON,,,,,,,True,,,,,True,,,,,97289
CHEMICAL WEAPON,,,,,,,True,,,,,True,,,,,97298
TASER (PROBE DISCHARGE),,,,,,,True,,,,,True,,,,,97300
TASER (PROBE DISCHARGE),,,,,,,True,,,,,True,,,,,97308
TASER (PROBE DISCHARGE),,,,,,,True,,,,,True,,,,,97309
TASER (PROBE DISCHARGE),,,,,,,True,,,,,True,,,,,97310
OTHER (SPECIFY),,,,,,,True,,,,,True,,,,,97311
TASER (PROBE DISCHARGE),,,,,,,True,,,,,True,,,,,97311
TASER (PROBE DISCHARGE),,,,,,,True,,,,,True,,,,,97329
TASER (PROBE DISCHARGE),,,,,,,True,,,,,True,,,,,97335
OTHER (SPECIFY),,,,,,,True,,,,,True,,,,,97338
TASER (PROBE DISCHARGE),,,,,,,True,,,,,True,,,,,97339
CHEMICAL WEAPON,,,,,,,True,,,,,True,,,,,97348
TASER (PROBE DISCHARGE),,,,,,,True,,,,,True,,,,,97355
TASER (PROBE DISCHARGE),,,,,,,True,,,,,True,,,,,97358
SEMI-AUTO PISTOL,"F.I. INDUSTRIES(FORMERLY) --US-- (BERETTA USA CORP,BRONCO)",,PX4 STORM,4, 9 MM,12.0,True,,RIGHT SIDE (WAIST),STRONG SIDE DRAW,,True,DEPARTMENT VEHICLE,OVER 15FT,BOTH,STANDING,97371
TASER (PROBE DISCHARGE),,,,,,,True,,,,,True,,,,,97372
TASER (PROBE DISCHARGE),,,,,,,True,,,,,True,,,,,97378
TASER (PROBE DISCHARGE),,,,,,,True,,,,,True,,,,,97390
TASER (PROBE DISCHARGE),,,,,,,True,,,,,True,,,,,97402
SEMI-AUTO PISTOL,"GLOCK, INC.--AU--",,17,4 INCH, 9 MM,1.0,True,,RIGHT SIDE (WAIST),OTHER (SPECIFY),,False,NONE,05-10FT,PERSON,STANDING,97444
TASER (PROBE DISCHARGE),,,,,,,True,,,,,True,,,,,97455
TASER (PROBE DISCHARGE),,,,,,,True,,,,,True,,,,,97512
TASER (DRIVE STUN MODE),,,,,,,True,,,,,True,,,,,97517
TASER (PROBE DISCHARGE),,,,,,,True,,,,,True,,,,,97517
TASER (PROBE DISCHARGE),,,,,,,True,,,,,True,,,,,97521
TASER (PROBE DISCHARGE),,,,,,,True,,,,,True,,,,,97568
TASER (PROBE DISCHARGE),,,,,,,True,,,,,True,,,,,97582
TASER (PROBE DISCHARGE),,,,,,,True,,,,,True,,,,,97590
TASER (PROBE DISCHARGE),,,,,,,True,,,,,True,,,,,97603
TASER (PROBE DISCHARGE),,,,,,,True,,,,,True,,,,,97632
TASER (PROBE DISCHARGE),,,,,,,True,,,,,True,,,,,97634
TASER (PROBE DISCHARGE),,,,,,,True,,,,,True,,,,,97640
TASER (PROBE DISCHARGE),,,,,,,True,,,,,True,,,,,97647
TASER (PROBE DISCHARGE),,,,,,,True,,,,,True,,,,,97660
TASER (PROBE DISCHARGE),,,,,,,True,,,,,True,,,,,97665
TASER (PROBE DISCHARGE),,,,,,,True,,,,,True,,,,,97667
TASER (PROBE DISCHARGE),,,,,,,True,,,,,True,,,,,97669
TASER (PROBE DISCHARGE),,,,,,,True,,,,,True,,,,,97673
TASER (PROBE DISCHARGE),,,,,,,True,,,,,True,,,,,97682
SEMI-AUTO PISTOL,"GLOCK, INC.--AU--",,21,4,45 CAL,2.0,True,0.0,RIGHT SIDE (WAIST),STRONG SIDE DRAW,0,True,NONE,05-10FT,PERSON,OTHER (SPECIFY),97693
TASER (PROBE DISCHARGE),,,,,,,True,,,,,True,,,,,97698
TASER (PROBE DISCHARGE),,,,,,,True,,,,,True,,,,,97716
TASER (PROBE DISCHARGE),,,,,,,True,,,,,True,,,,,97735
TASER (PROBE DISCHARGE),,,,,,,True,,,,,True,,,,,97744
TASER (PROBE DISCHARGE),,,,,,,True,,,,,True,,,,,97756
TASER (PROBE DISCHARGE),,,,,,,True,,,,,True,,,,,97773
TASER (PROBE DISCHARGE),,,,,,,True,,,,,True,,,,,97797
TASER (PROBE DISCHARGE),,,,,,,True,,,,,True,,,,,97820
TASER (PROBE DISCHARGE),,,,,,,True,,,,,True,,,,,97830
TASER (PROBE DISCHARGE),,,,,,,True,,,,,True,,,,,97831
TASER (PROBE DISCHARGE),,,,,,,True,,,,,True,,,,,97843
TASER (PROBE DISCHARGE),,,,,,,True,,,,,True,,,,,97867
CHEMICAL WEAPON,,,,,,,True,,,,,True,,,,,97873
TASER (PROBE DISCHARGE),,,,,,,True,,,,,True,,,,,97874
TASER (PROBE DISCHARGE),,,,,,,True,,,,,True,,,,,97891
TASER (PROBE DISCHARGE),,,,,,,True,,,,,True,,,,,97909
OTHER (SPECIFY),,,,,,0.0,True,0.0,RIGHT SIDE (WAIST),OTHER (SPECIFY),NONE,False,NONE,0-5FT,NONE,STANDING,97918
TASER (PROBE DISCHARGE),,,,,,,True,,,,,True,,,,,97929
TASER (PROBE DISCHARGE),,,,,,,True,,,,,True,,,,,97967
TASER (PROBE DISCHARGE),,,,,,,True,,,,,True,,,,,97976
TASER (PROBE DISCHARGE),,,,,,,True,,,,,True,,,,,97979
TASER (PROBE DISCHARGE),,,,,,,True,,,,,True,,,,,97988
TASER (PROBE DISCHARGE),,,,,,,True,,,,,True,,,,,97990
TASER (DRIVE STUN MODE),,,,,,,True,,,,,True,,,,,97995
TASER (PROBE DISCHARGE),,,,,,,True,,,,,True,,,,,97995
TASER (PROBE DISCHARGE),,,,,,,True,,,,,True,,,,,98020
TASER (PROBE DISCHARGE),,,,,,,True,,,,,True,,,,,98022
TASER (PROBE DISCHARGE),,,,,,,True,,,,,True,,,,,98026
TASER (PROBE DISCHARGE),,,,,,,True,,,,,True,,,,,98039
TASER (PROBE DISCHARGE),,,,,,,True,,,,,True,,,,,98042
TASER (DRIVE STUN MODE),,,,,,,True,,,,,True,,,,,98043
TASER (PROBE DISCHARGE),,,,,,,True,,,,,True,,,,,98045
TASER (PROBE DISCHARGE),,,,,,,True,,,,,True,,,,,98051
SEMI-AUTO PISTOL,"GLOCK, INC.--AU--",,19,4INCH, 9 MM,1.0,True,,RIGHT SIDE (WAIST),STRONG SIDE DRAW,,True,NONE,OVER 15FT,OBJECT,STANDING,98052
TASER (PROBE DISCHARGE),,,,,,,True,,,,,True,,,,,98061
TASER (PROBE DISCHARGE),,,,,,,True,,,,,True,,,,,98062
TASER (PROBE DISCHARGE),,,,,,,True,,,,,True,,,,,98074
TASER (PROBE DISCHARGE),,,,,,,True,,,,,True,,,,,98109
CHEMICAL WEAPON,,,,,,,True,,,,,True,,,,,98110
SEMI-AUTO PISTOL,"GLOCK, INC.--AU--",,17,4.49, 9 MM,1.0,True,0.0,RIGHT SIDE (WAIST),STRONG SIDE DRAW,,False,NONE,05-10FT,PERSON,STANDING,98111
TASER (PROBE DISCHARGE),,,,,,,True,,,,,True,,,,,98117
TASER (PROBE DISCHARGE),,,,,,,True,,,,,True,,,,,98136
TASER (PROBE DISCHARGE),,,,,,,True,,,,,True,,,,,98157
TASER (PROBE DISCHARGE),,,,,,,True,,,,,True,,,,,98169
TASER (PROBE DISCHARGE),,,,,,,True,,,,,True,,,,,98205
SEMI-AUTO PISTOL,"GLOCK, INC.--AU--",,22,4, 9 MM,2.0,True,,RIGHT SIDE (WAIST),STRONG SIDE DRAW,,False,NONE,05-10FT,PERSON,STANDING,98208
TASER (PROBE DISCHARGE),,,,,,,True,,,,,True,,,,,98217
TASER (PROBE DISCHARGE),,,,,,,True,,,,,True,,,,,98243
TASER (PROBE DISCHARGE),,,,,,,True,,,,,True,,,,,98245
TASER (PROBE DISCHARGE),,,,,,,True,,,,,True,,,,,98256
TASER (PROBE DISCHARGE),,,,,,,True,,,,,True,,,,,98267
TASER (PROBE DISCHARGE),,,,,,,True,,,,,True,,,,,98268
TASER (PROBE DISCHARGE),,,,,,,True,,,,,True,,,,,98272
TASER (PROBE DISCHARGE),,,,,,,True,,,,,True,,,,,98273
SEMI-AUTO PISTOL,SIG/S. I. G./SWISS INDUSTRIAL GESELLSCHAFT   --SZ--,,P226,4.4, 9 MM,9.0,True,,RIGHT SIDE (WAIST),STRONG SIDE DRAW,,False,NONE,05-10FT,PERSON,STANDING,98278
SEMI-AUTO PISTOL,SIG/S. I. G./SWISS INDUSTRIAL GESELLSCHAFT   --SZ--,,P226,4, 9 MM,3.0,True,,RIGHT SIDE (WAIST),STRONG SIDE DRAW,,False,NONE,10-15FT,PERSON,STANDING,98279
SEMI-AUTO PISTOL,"GLOCK, INC.--AU--",,22,4.48,40 S&W,9.0,True,,RIGHT SIDE (WAIST),STRONG SIDE DRAW,,False,NONE,05-10FT,PERSON,STANDING,98280
TASER (PROBE DISCHARGE),,,,,,,True,,,,,True,,,,,98288
TASER (PROBE DISCHARGE),,,,,,,True,,,,,True,,,,,98295
SEMI-AUTO PISTOL,"GLOCK, INC.--AU--",,27,3.5,40 S&W,4.0,True,0.0,RIGHT SIDE (WAIST),STRONG SIDE DRAW,,False,NONE,0-5FT,PERSON,STANDING,98310
TASER (PROBE DISCHARGE),,,,,,,True,,,,,True,,,,,98316
TASER (PROBE DISCHARGE),,,,,,,True,,,,,True,,,,,98320
TASER (PROBE DISCHARGE),,,,,,,True,,,,,True,,,,,98325
TASER (PROBE DISCHARGE),,,,,,,True,,,,,True,,,,,98328
TASER (PROBE DISCHARGE),,,,,,,True,,,,,True,,,,,98350
OTHER (SPECIFY),,,,,,,True,,,,,True,,,,,98358
TASER (PROBE DISCHARGE),,,,,,,True,,,,,True,,,,,98359
TASER (PROBE DISCHARGE),,,,,,,True,,,,,True,,,,,98363
SEMI-AUTO PISTOL,SIG/S. I. G./SWISS INDUSTRIAL GESELLSCHAFT   --SZ--,,P226,4.4, 9 MM,2.0,True,0.0,RIGHT SIDE (WAIST),STRONG SIDE DRAW,NONE,False,NONE,05-10FT,PERSON,STANDING,98365
SEMI-AUTO PISTOL,"GLOCK, INC.--AU--",,19,4, 9 MM,9.0,True,15.0,RIGHT SIDE (WAIST),STRONG SIDE DRAW,TACTICAL RELOAD/MAGAZINE,False,NONE,0-5FT,OBJECT,STANDING,98373
SEMI-AUTO PISTOL,"GLOCK, INC.--AU--",,17,4.5, 9 MM,1.0,True,0.0,RIGHT SIDE (WAIST),STRONG SIDE DRAW,NONE,True,NONE,OVER 15FT,UNKNOWN,STANDING,98374
SEMI-AUTO PISTOL,"GLOCK, INC.--AU--",,17,4.5, 9 MM,5.0,True,,LEFT SIDE (WAIST),STRONG SIDE DRAW,,False,NONE,05-10FT,PERSON,STANDING,98376
CHEMICAL WEAPON,,,,,,,True,,,,,True,,,,,98418
TASER (PROBE DISCHARGE),,,,,,,True,,,,,True,,,,,98466
TASER (PROBE DISCHARGE),,,,,,,True,,,,,True,,,,,98496
TASER (PROBE DISCHARGE),,,,,,,True,,,,,True,,,,,98499
TASER (DRIVE STUN MODE),,,,,,,True,,,,,True,,,,,98502
TASER (PROBE DISCHARGE),,,,,,,True,,,,,True,,,,,98518
TASER (PROBE DISCHARGE),,,,,,,True,,,,,True,,,,,98524
TASER (PROBE DISCHARGE),,,,,,,True,,,,,True,,,,,98544
TASER (PROBE DISCHARGE),,,,,,,True,,,,,True,,,,,98547
TASER (PROBE DISCHARGE),,,,,,,True,,,,,True,,,,,98562
TASER (PROBE DISCHARGE),,,,,,,True,,,,,True,,,,,98566
TASER (PROBE DISCHARGE),,,,,,,True,,,,,True,,,,,98573
CHEMICAL WEAPON,,,,,,,True,,,,,True,,,,,98575
CHEMICAL WEAPON,,,,,,,True,,,,,True,,,,,98576
TASER (DRIVE STUN MODE),,,,,,,True,,,,,True,,,,,98584
TASER (PROBE DISCHARGE),,,,,,,True,,,,,True,,,,,98593
TASER (PROBE DISCHARGE),,,,,,,True,,,,,True,,,,,98595
TASER (PROBE DISCHARGE),,,,,,,True,,,,,True,,,,,98602
OTHER (SPECIFY),,,,,,,True,,,,,True,,,,,98603
TASER (PROBE DISCHARGE),,,,,,,True,,,,,True,,,,,98622
TASER (PROBE DISCHARGE),,,,,,,True,,,,,True,,,,,98623
TASER (PROBE DISCHARGE),,,,,,,True,,,,,True,,,,,98626
TASER (PROBE DISCHARGE),,,,,,,True,,,,,True,,,,,98658
TASER (PROBE DISCHARGE),,,,,,,True,,,,,True,,,,,98662
TASER (PROBE DISCHARGE),,,,,,,True,,,,,True,,,,,98664
TASER (PROBE DISCHARGE),,,,,,,True,,,,,True,,,,,98665
TASER (PROBE DISCHARGE),,,,,,,True,,,,,True,,,,,98668
SEMI-AUTO PISTOL,"GLOCK, INC.--AU--",,19,4, 9 MM,2.0,True,,RIGHT SIDE (WAIST),STRONG SIDE DRAW,,True,VEHICLE,OVER 15FT,NONE,SITTING,98671
SEMI-AUTO PISTOL,"GLOCK, INC.--AU--",,23,4,40 S&W,13.0,True,14.0,RIGHT SIDE (WAIST),STRONG SIDE DRAW,EMERGENCY RELOAD,True,SQUAD CAR,OVER 15FT,OBJECT,SITTING,98675
TASER (PROBE DISCHARGE),,,,,,,True,,,,,True,,,,,98701
TASER (PROBE DISCHARGE),,,,,,,True,,,,,True,,,,,98709
TASER (PROBE DISCHARGE),,,,,,,True,,,,,True,,,,,98717
CHEMICAL WEAPON,,,,,,,True,,,,,True,,,,,98731
TASER (PROBE DISCHARGE),,,,,,,True,,,,,True,,,,,98738
TASER (PROBE DISCHARGE),,,,,,,True,,,,,True,,,,,98750
TASER (DRIVE STUN MODE),,,,,,,True,,,,,True,,,,,98754
TASER (PROBE DISCHARGE),,,,,,,True,,,,,True,,,,,98756
TASER (PROBE DISCHARGE),,,,,,,True,,,,,True,,,,,98759
TASER (PROBE DISCHARGE),,,,,,,True,,,,,True,,,,,98768
SEMI-AUTO PISTOL,"GLOCK, INC.--AU--",,21,4.75,45 CAL,1.0,True,0.0,RIGHT SIDE (WAIST),STRONG SIDE DRAW,,False,GARBAGE CAN,OVER 15FT,UNKNOWN,OTHER (SPECIFY),98774
TASER (PROBE DISCHARGE),,,,,,,True,,,,,True,,,,,98780
TASER (PROBE DISCHARGE),,,,,,,True,,,,,True,,,,,98790
TASER (PROBE DISCHARGE),,,,,,,True,,,,,True,,,,,98794
TASER (PROBE DISCHARGE),,,,,,,True,,,,,True,,,,,98812
TASER (PROBE DISCHARGE),,,,,,,True,,,,,True,,,,,98839
TASER (PROBE DISCHARGE),,,,,,,True,,,,,True,,,,,98849
SEMI-AUTO PISTOL,SIG/S. I. G./SWISS INDUSTRIAL GESELLSCHAFT   --SZ--,,P229,4 IN, 9 MM,1.0,True,,RIGHT SIDE (WAIST),STRONG SIDE DRAW,,False,NONE,10-15FT,OBJECT,STANDING,98860
TASER (PROBE DISCHARGE),,,,,,,True,,,,,True,,,,,98881
TASER (PROBE DISCHARGE),,,,,,,True,,,,,True,,,,,98892
TASER (PROBE DISCHARGE),,,,,,,True,,,,,True,,,,,98896
TASER (PROBE DISCHARGE),,,,,,,True,,,,,True,,,,,98903
TASER (PROBE DISCHARGE),,,,,,,True,,,,,True,,,,,98912
TASER (PROBE DISCHARGE),,,,,,,True,,,,,True,,,,,98919
TASER (PROBE DISCHARGE),,,,,,,True,,,,,True,,,,,98997
TASER (PROBE DISCHARGE),,,,,,,True,,,,,True,,,,,99020
TASER (PROBE DISCHARGE),,,,,,,True,,,,,True,,,,,99024
TASER (PROBE DISCHARGE),,,,,,,True,,,,,True,,,,,99028
TASER (PROBE DISCHARGE),,,,,,,True,,,,,True,,,,,99050
TASER (PROBE DISCHARGE),,,,,,,True,,,,,True,,,,,99067
SEMI-AUTO PISTOL,"GLOCK, INC.--AU--",,30,4, 45 ACP,4.0,True,,RIGHT SIDE (WAIST),STRONG SIDE DRAW,,True,VEHICLE,10-15FT,UNKNOWN,SITTING,99075
SEMI-AUTO PISTOL,"GLOCK, INC.--AU--",,19,4, 9 MM,6.0,True,,RIGHT SIDE (WAIST),STRONG SIDE DRAW,,True,VEHICLE,10-15FT,UNKNOWN,SITTING,99078
TASER (PROBE DISCHARGE),,,,,,,True,,,,,True,,,,,99082
TASER (PROBE DISCHARGE),,,,,,,True,,,,,True,,,,,99103
TASER (PROBE DISCHARGE),,,,,,,True,,,,,True,,,,,99107
TASER (PROBE DISCHARGE),,,,,,,True,,,,,True,,,,,99110
TASER (PROBE DISCHARGE),,,,,,,True,,,,,True,,,,,99111
TASER (PROBE DISCHARGE),,,,,,,True,,,,,True,,,,,99116
TASER (PROBE DISCHARGE),,,,,,,True,,,,,True,,,,,99117
TASER (PROBE DISCHARGE),,,,,,,True,,,,,True,,,,,99118
TASER (PROBE DISCHARGE),,,,,,,True,,,,,True,,,,,99119
TASER (PROBE DISCHARGE),,,,,,,True,,,,,True,,,,,99129
TASER (PROBE DISCHARGE),,,,,,,True,,,,,True,,,,,99133
TASER (PROBE DISCHARGE),,,,,,,True,,,,,True,,,,,99151
TASER (PROBE DISCHARGE),,,,,,,True,,,,,True,,,,,99153
TASER (PROBE DISCHARGE),,,,,,,True,,,,,True,,,,,99167
TASER (PROBE DISCHARGE),,,,,,,True,,,,,True,,,,,99198
TASER (PROBE DISCHARGE),,,,,,,True,,,,,True,,,,,99206
TASER (PROBE DISCHARGE),,,,,,,True,,,,,True,,,,,99232
TASER (PROBE DISCHARGE),,,,,,,True,,,,,True,,,,,99262
TASER (PROBE DISCHARGE),,,,,,,True,,,,,True,,,,,99300
TASER (PROBE DISCHARGE),,,,,,,True,,,,,True,,,,,99302
TASER (PROBE DISCHARGE),,,,,,,True,,,,,True,,,,,99322
TASER (PROBE DISCHARGE),,,,,,,True,,,,,True,,,,,99325
TASER (PROBE DISCHARGE),,,,,,,True,,,,,True,,,,,99346
TASER (PROBE DISCHARGE),,,,,,,True,,,,,True,,,,,99348
TASER (DRIVE STUN MODE),,,,,,,True,,,,,True,,,,,99360
TASER (PROBE DISCHARGE),,,,,,,True,,,,,True,,,,,99364
TASER (PROBE DISCHARGE),,,,,,,True,,,,,True,,,,,99396
TASER (PROBE DISCHARGE),,,,,,,True,,,,,True,,,,,99399
TASER (PROBE DISCHARGE),,,,,,,True,,,,,True,,,,,99418
TASER (PROBE DISCHARGE),,,,,,,True,,,,,True,,,,,99432
CHEMICAL WEAPON,,,,,,,True,,,,,True,,,,,99445
TASER (PROBE DISCHARGE),,,,,,,True,,,,,True,,,,,99445
TASER (DRIVE STUN MODE),,,,,,,True,,,,,True,,,,,99459
TASER (PROBE DISCHARGE),,,,,,,True,,,,,True,,,,,99472
TASER (PROBE DISCHARGE),,,,,,,True,,,,,True,,,,,99535
TASER (PROBE DISCHARGE),,,,,,,True,,,,,True,,,,,99550
TASER (PROBE DISCHARGE),,,,,,,True,,,,,True,,,,,99554
CHEMICAL WEAPON,,,,,,,True,,,,,True,,,,,99584
SEMI-AUTO PISTOL,"GLOCK, INC.--AU--",,17,4.5, 9 MM,10.0,True,,RIGHT SIDE (WAIST),STRONG SIDE DRAW,,True,CEMENT WALL,05-10FT,UNKNOWN,STANDING,99611
SEMI-AUTO PISTOL,"GLOCK, INC.--AU--",,17,4.48, 9 MM,4.0,True,0.0,RIGHT SIDE (WAIST),STRONG SIDE DRAW,NONE,False,NONE,0-5FT,PERSON,STANDING,99612
TASER (PROBE DISCHARGE),,,,,,,True,,,,,True,,,,,99614
TASER (PROBE DISCHARGE),,,,,,,True,,,,,True,,,,,99624
TASER (PROBE DISCHARGE),,,,,,,True,,,,,True,,,,,99625
CHEMICAL WEAPON,,,,,,,True,,,,,True,,,,,99665
SEMI-AUTO PISTOL,SIG/S. I. G./SWISS INDUSTRIAL GESELLSCHAFT   --SZ--,,P229,4, 9 MM,5.0,True,,LEFT SIDE (WAIST),STRONG SIDE DRAW,,True,NONE AVAILABLE,OVER 15FT,UNKNOWN,STANDING,99667
TASER (PROBE DISCHARGE),,,,,,,True,,,,,True,,,,,99680
TASER (PROBE DISCHARGE),,,,,,,True,,,,,True,,,,,99681
TASER (PROBE DISCHARGE),,,,,,,True,,,,,True,,,,,99682
SEMI-AUTO PISTOL,"STURM, RUGER & CO. (BEARCAT,BLACKHAWK,SPEED SIX)",,LCP,2.75,380 ACP,1.0,True,0.0,OTHER (SPECIFY),STRONG SIDE DRAW,,False,NONE,0-5FT,UNKNOWN,STANDING,99707
SEMI-AUTO PISTOL,"GLOCK, INC.--AU--",,17,4, 9 MM,6.0,True,0.0,RIGHT SIDE (WAIST),STRONG SIDE DRAW,0,False,NONE,05-10FT,PERSON,STANDING,99718
TASER (PROBE DISCHARGE),,,,,,,True,,,,,True,,,,,99729
TASER (PROBE DISCHARGE),,,,,,,True,,,,,True,,,,,99730
TASER (PROBE DISCHARGE),,,,,,,True,,,,,True,,,,,99780
TASER (DRIVE STUN MODE),,,,,,,True,,,,,True,,,,,99804
TASER (PROBE DISCHARGE),,,,,,,True,,,,,True,,,,,99810
TASER (PROBE DISCHARGE),,,,,,,True,,,,,True,,,,,99837
TASER (PROBE DISCHARGE),,,,,,,True,,,,,True,,,,,99838
TASER (PROBE DISCHARGE),,,,,,,True,,,,,True,,,,,99862
CHEMICAL WEAPON,,,,,,,True,,,,,True,,,,,99921
TASER (PROBE DISCHARGE),,,,,,,True,,,,,True,,,,,99921
TASER (PROBE DISCHARGE),,,,,,,True,,,,,True,,,,,102678
SEMI-AUTO PISTOL,"GLOCK, INC.--AU--",,17,4, 9 MM,7.0,True,,RIGHT SIDE (WAIST),STRONG SIDE DRAW,,True,BUILDING,10-15FT,BOTH,STANDING,99930
SEMI-AUTO PISTOL,"GLOCK, INC.--AU--",,26,3, 9 MM,11.0,True,0.0,RIGHT SIDE (WAIST),STRONG SIDE DRAW,,True,CAR,10-15FT,PERSON,STANDING,99933
TASER (DRIVE STUN MODE),,,,,,,True,,,,,True,,,,,99947
TASER (PROBE DISCHARGE),,,,,,,True,,,,,True,,,,,99950
TASER (PROBE DISCHARGE),,,,,,,True,,,,,True,,,,,99953
TASER (PROBE DISCHARGE),,,,,,,True,,,,,True,,,,,99972
TASER (PROBE DISCHARGE),,,,,,,True,,,,,True,,,,,100001
TASER (PROBE DISCHARGE),,,,,,,True,,,,,True,,,,,100003
TASER (PROBE DISCHARGE),,,,,,,True,,,,,True,,,,,100044
TASER (PROBE DISCHARGE),,,,,,,True,,,,,True,,,,,100053
TASER (PROBE DISCHARGE),,,,,,,True,,,,,True,,,,,100068
TASER (PROBE DISCHARGE),,,,,,,True,,,,,True,,,,,100074
TASER (PROBE DISCHARGE),,,,,,,True,,,,,True,,,,,100084
TASER (PROBE DISCHARGE),,,,,,,True,,,,,True,,,,,100096
TASER (PROBE DISCHARGE),,,,,,,True,,,,,True,,,,,100100
TASER (PROBE DISCHARGE),,,,,,,True,,,,,True,,,,,100101
TASER (DRIVE STUN MODE),,,,,,,True,,,,,True,,,,,100109
TASER (PROBE DISCHARGE),,,,,,,True,,,,,True,,,,,100112
TASER (PROBE DISCHARGE),,,,,,,True,,,,,True,,,,,100113
TASER (PROBE DISCHARGE),,,,,,,True,,,,,True,,,,,100121
TASER (PROBE DISCHARGE),,,,,,,True,,,,,True,,,,,100138
TASER (PROBE DISCHARGE),,,,,,,True,,,,,True,,,,,100152
SEMI-AUTO PISTOL,"GLOCK, INC.--AU--",,17,4.48, 9 MM,10.0,True,0.0,RIGHT SIDE (WAIST),STRONG SIDE DRAW,SPEED RELOAD,True,POLICE VEHICLE,05-10FT,PERSON,STANDING,100157
SEMI-AUTO PISTOL,"GLOCK, INC.--AU--",,19,4.49, 9 MM,2.0,True,,RIGHT SIDE (WAIST),STRONG SIDE DRAW,,True,VEHICLE DOOR,05-10FT,PERSON,STANDING,100158
TASER (PROBE DISCHARGE),,,,,,,True,,,,,True,,,,,100166
TASER (PROBE DISCHARGE),,,,,,,True,,,,,True,,,,,100189
TASER (PROBE DISCHARGE),,,,,,,True,,,,,True,,,,,100201
TASER (PROBE DISCHARGE),,,,,,,True,,,,,True,,,,,100221
SEMI-AUTO PISTOL,"GLOCK, INC.--AU--",,21,4.6,45 CAL,2.0,True,,RIGHT SIDE (WAIST),STRONG SIDE DRAW,,True,BUSHES,10-15FT,PERSON,STANDING,100234
TASER (PROBE DISCHARGE),,,,,,,True,,,,,True,,,,,100235
TASER (PROBE DISCHARGE),,,,,,,True,,,,,True,,,,,100236
TASER (PROBE DISCHARGE),,,,,,,True,,,,,True,,,,,100239
SEMI-AUTO PISTOL,"GLOCK, INC.--AU--",,17,4.49, 9 MM,4.0,True,0.0,RIGHT SIDE (WAIST),STRONG SIDE DRAW,,False,NONE,OVER 15FT,PERSON,STANDING,100245
TASER (PROBE DISCHARGE),,,,,,,True,,,,,True,,,,,100246
TASER (PROBE DISCHARGE),,,,,,,True,,,,,True,,,,,100255
TASER (PROBE DISCHARGE),,,,,,,True,,,,,True,,,,,100267
TASER (PROBE DISCHARGE),,,,,,,True,,,,,True,,,,,100285
TASER (PROBE DISCHARGE),,,,,,,True,,,,,True,,,,,100293
SEMI-AUTO PISTOL,"GLOCK, INC.--AU--",,17,4.5, 9 MM,1.0,True,,RIGHT SIDE (WAIST),STRONG SIDE DRAW,,False,BRICK WALL,0-5FT,UNKNOWN,STANDING,100297
SEMI-AUTO PISTOL,"GLOCK, INC.--AU--",,19,4, 9 MM,1.0,True,0.0,OTHER (SPECIFY),OTHER (SPECIFY),,True,UNKNOWN,05-10FT,UNKNOWN,OTHER (SPECIFY),100298
SEMI-AUTO PISTOL,"GLOCK, INC.--AU--",,21,4.5,45 CAL,14.0,True,,RIGHT SIDE (WAIST),STRONG SIDE DRAW,,True,BRICK WALL,05-10FT,PERSON,STANDING,100299
SEMI-AUTO PISTOL,"GLOCK, INC.--AU--",,19,4, 9 MM,5.0,True,,RIGHT SIDE (WAIST),STRONG SIDE DRAW,,False,CONCRETE STAIRS,OVER 15FT,PERSON,KNEELING,100300
SEMI-AUTO PISTOL,SIG/S. I. G./SWISS INDUSTRIAL GESELLSCHAFT   --SZ--,,P220,40,45 CAL,5.0,True,,RIGHT SIDE (WAIST),STRONG SIDE DRAW,,True,DNA,OVER 15FT,UNKNOWN,STANDING,100301
TASER (PROBE DISCHARGE),,,,,,,True,,,,,True,,,,,100306
TASER (PROBE DISCHARGE),,,,,,,True,,,,,True,,,,,100309
TASER (PROBE DISCHARGE),,,,,,,True,,,,,True,,,,,100318
TASER (PROBE DISCHARGE),,,,,,,True,,,,,True,,,,,100321
TASER (PROBE DISCHARGE),,,,,,,True,,,,,True,,,,,100322
TASER (PROBE DISCHARGE),,,,,,,True,,,,,True,,,,,100358
TASER (PROBE DISCHARGE),,,,,,,True,,,,,True,,,,,100378
TASER (PROBE DISCHARGE),,,,,,,True,,,,,True,,,,,100382
TASER (PROBE DISCHARGE),,,,,,,True,,,,,True,,,,,100408
SEMI-AUTO PISTOL,"SMITH & WESSON  -US- (BODYGUARD,CHIEF SPECIAL)",,5943,4, 9 MM,1.0,True,,RIGHT SIDE (WAIST),STRONG SIDE DRAW,,False,DNA,10-15FT,UNKNOWN,STANDING,100423
TASER (PROBE DISCHARGE),,,,,,,True,,,,,True,,,,,100444
TASER (PROBE DISCHARGE),,,,,,,True,,,,,True,,,,,100445
TASER (PROBE DISCHARGE),,,,,,,True,,,,,True,,,,,100446
TASER (PROBE DISCHARGE),,,,,,,True,,,,,True,,,,,100464
TASER (PROBE DISCHARGE),,,,,,,True,,,,,True,,,,,100480
TASER (PROBE DISCHARGE),,,,,,,True,,,,,True,,,,,100501
TASER (PROBE DISCHARGE),,,,,,,True,,,,,True,,,,,100502
TASER (PROBE DISCHARGE),,,,,,,True,,,,,True,,,,,100518
TASER (PROBE DISCHARGE),,,,,,,True,,,,,True,,,,,100531
TASER (PROBE DISCHARGE),,,,,,,True,,,,,True,,,,,100548
TASER (PROBE DISCHARGE),,,,,,,True,,,,,True,,,,,100569
TASER (PROBE DISCHARGE),,,,,,,True,,,,,True,,,,,100579
CHEMICAL WEAPON,,,,,,,True,,,,,True,,,,,100601
TASER (PROBE DISCHARGE),,,,,,,True,,,,,True,,,,,100618
TASER (PROBE DISCHARGE),,,,,,,True,,,,,True,,,,,100631
TASER (DRIVE STUN MODE),,,,,,,True,,,,,True,,,,,100633
TASER (PROBE DISCHARGE),,,,,,,True,,,,,True,,,,,100633
TASER (PROBE DISCHARGE),,,,,,,True,,,,,True,,,,,100646
TASER (PROBE DISCHARGE),,,,,,,True,,,,,True,,,,,100648
TASER (PROBE DISCHARGE),,,,,,,True,,,,,True,,,,,100662
TASER (PROBE DISCHARGE),,,,,,,True,,,,,True,,,,,100665
TASER (PROBE DISCHARGE),,,,,,,True,,,,,True,,,,,100676
CHEMICAL WEAPON,,,,,,,True,,,,,True,,,,,100684
TASER (PROBE DISCHARGE),,,,,,,True,,,,,True,,,,,100687
TASER (PROBE DISCHARGE),,,,,,,True,,,,,True,,,,,100691
CHEMICAL WEAPON,,,,,,,True,,,,,True,,,,,100704
TASER (PROBE DISCHARGE),,,,,,,True,,,,,True,,,,,100713
TASER (PROBE DISCHARGE),,,,,,,True,,,,,True,,,,,100736
TASER (PROBE DISCHARGE),,,,,,,True,,,,,True,,,,,100746
TASER (PROBE DISCHARGE),,,,,,,True,,,,,True,,,,,100748
TASER (PROBE DISCHARGE),,,,,,,True,,,,,True,,,,,100753
TASER (PROBE DISCHARGE),,,,,,,True,,,,,True,,,,,100760
SEMI-AUTO PISTOL,"GLOCK, INC.--AU--",,17,4.5, 9 MM,9.0,True,,RIGHT SIDE (WAIST),STRONG SIDE DRAW,,True,CAR DOOR,0-5FT,PERSON,STANDING,100770
TASER (PROBE DISCHARGE),,,,,,,True,,,,,True,,,,,100775
TASER (PROBE DISCHARGE),,,,,,,True,,,,,True,,,,,100777
SEMI-AUTO PISTOL,"GLOCK, INC.--AU--",,23,4,40 S&W,3.0,True,0.0,RIGHT SIDE (WAIST),STRONG SIDE DRAW,,False,NONE,0-5FT,PERSON,STANDING,100780
CHEMICAL WEAPON,,,,,,,True,,,,,True,,,,,100784
TASER (PROBE DISCHARGE),,,,,,,True,,,,,True,,,,,100784
TASER (DRIVE STUN MODE),,,,,,,True,,,,,True,,,,,100786
TASER (PROBE DISCHARGE),,,,,,,True,,,,,True,,,,,100886
TASER (DRIVE STUN MODE),,,,,,,True,,,,,True,,,,,100890
TASER (PROBE DISCHARGE),,,,,,,True,,,,,True,,,,,100894
TASER (DRIVE STUN MODE),,,,,,,True,,,,,True,,,,,100901
TASER (PROBE DISCHARGE),,,,,,,True,,,,,True,,,,,100911
TASER (PROBE DISCHARGE),,,,,,,True,,,,,True,,,,,100939
SEMI-AUTO PISTOL,SIG/S. I. G./SWISS INDUSTRIAL GESELLSCHAFT   --SZ--,,P226,4.4, 9 MM,2.0,True,,RIGHT SIDE (WAIST),STRONG SIDE DRAW,,True,NONE,0-5FT,NONE,OTHER (SPECIFY),100948
SEMI-AUTO PISTOL,"GLOCK, INC.--AU--",,19,4.01, 9 MM,4.0,True,0.0,RIGHT SIDE (WAIST),STRONG SIDE DRAW,,True,NONE,10-15FT,PERSON,STANDING,100951
TASER (PROBE DISCHARGE),,,,,,,True,,,,,True,,,,,100955
TASER (PROBE DISCHARGE),,,,,,,True,,,,,True,,,,,100956
TASER (PROBE DISCHARGE),,,,,,,True,,,,,True,,,,,100959
TASER (PROBE DISCHARGE),,,,,,,True,,,,,True,,,,,100960
TASER (PROBE DISCHARGE),,,,,,,True,,,,,True,,,,,100966
TASER (PROBE DISCHARGE),,,,,,,True,,,,,True,,,,,100979
TASER (PROBE DISCHARGE),,,,,,,True,,,,,True,,,,,100998
TASER (PROBE DISCHARGE),,,,,,,True,,,,,True,,,,,101023
TASER (PROBE DISCHARGE),,,,,,,True,,,,,True,,,,,101027
TASER (PROBE DISCHARGE),,,,,,,True,,,,,True,,,,,101068
TASER (PROBE DISCHARGE),,,,,,,True,,,,,True,,,,,101125
TASER (PROBE DISCHARGE),,,,,,,True,,,,,True,,,,,101133
TASER (PROBE DISCHARGE),,,,,,,True,,,,,True,,,,,101170
TASER (PROBE DISCHARGE),,,,,,,True,,,,,True,,,,,101179
TASER (PROBE DISCHARGE),,,,,,,True,,,,,True,,,,,101181
TASER (PROBE DISCHARGE),,,,,,,True,,,,,True,,,,,101205
TASER (PROBE DISCHARGE),,,,,,,True,,,,,True,,,,,101232
TASER (PROBE DISCHARGE),,,,,,,True,,,,,True,,,,,101238
TASER (DRIVE STUN MODE),,,,,,,True,,,,,True,,,,,101257
TASER (PROBE DISCHARGE),,,,,,,True,,,,,True,,,,,101258
TASER (PROBE DISCHARGE),,,,,,,True,,,,,True,,,,,101260
TASER (PROBE DISCHARGE),,,,,,,True,,,,,True,,,,,101261
CHEMICAL WEAPON,,,,,,,True,,,,,True,,,,,101270
TASER (PROBE DISCHARGE),,,,,,,True,,,,,True,,,,,101275
TASER (PROBE DISCHARGE),,,,,,,True,,,,,True,,,,,101315
CHEMICAL WEAPON,,,,,,,True,,,,,True,,,,,101333
TASER (PROBE DISCHARGE),,,,,,,True,,,,,True,,,,,101339
TASER (PROBE DISCHARGE),,,,,,,True,,,,,True,,,,,101349
CHEMICAL WEAPON,,,,,,,True,,,,,True,,,,,101366
TASER (PROBE DISCHARGE),,,,,,,True,,,,,True,,,,,101375
CHEMICAL WEAPON,,,,,,,True,,,,,True,,,,,101386
TASER (PROBE DISCHARGE),,,,,,,True,,,,,True,,,,,101394
TASER (PROBE DISCHARGE),,,,,,,True,,,,,True,,,,,101396
TASER (PROBE DISCHARGE),,,,,,,True,,,,,True,,,,,101465
TASER (PROBE DISCHARGE),,,,,,,True,,,,,True,,,,,101494
TASER (PROBE DISCHARGE),,,,,,,True,,,,,True,,,,,101501
TASER (PROBE DISCHARGE),,,,,,,True,,,,,True,,,,,101502
CHEMICAL WEAPON,,,,,,,True,,,,,True,,,,,101515
CHEMICAL WEAPON,,,,,,,True,,,,,True,,,,,101534
TASER (PROBE DISCHARGE),,,,,,,True,,,,,True,,,,,101557
TASER (PROBE DISCHARGE),,,,,,,True,,,,,True,,,,,101561
TASER (PROBE DISCHARGE),,,,,,,True,,,,,True,,,,,101573
CHEMICAL WEAPON,,,,,,,True,,,,,True,,,,,101575
TASER (PROBE DISCHARGE),,,,,,,True,,,,,True,,,,,101581
TASER (PROBE DISCHARGE),,,,,,,True,,,,,True,,,,,101582
TASER (PROBE DISCHARGE),,,,,,,True,,,,,True,,,,,101621
CHEMICAL WEAPON,,,,,,,True,,,,,True,,,,,101624
TASER (PROBE DISCHARGE),,,,,,,True,,,,,True,,,,,101632
TASER (PROBE DISCHARGE),,,,,,,True,,,,,True,,,,,101653
TASER (PROBE DISCHARGE),,,,,,,True,,,,,True,,,,,101669
TASER (PROBE DISCHARGE),,,,,,,True,,,,,True,,,,,101679
TASER (PROBE DISCHARGE),,,,,,,True,,,,,True,,,,,101683
TASER (PROBE DISCHARGE),,,,,,,True,,,,,True,,,,,101689
TASER (PROBE DISCHARGE),,,,,,,True,,,,,True,,,,,101733
TASER (DRIVE STUN MODE),,,,,,,True,,,,,True,,,,,101735
CHEMICAL WEAPON,,,,,,,True,,,,,True,,,,,101747
TASER (PROBE DISCHARGE),,,,,,,True,,,,,True,,,,,101779
TASER (DRIVE STUN MODE),,,,,,,True,,,,,True,,,,,101782
TASER (PROBE DISCHARGE),,,,,,,True,,,,,True,,,,,101787
TASER (DRIVE STUN MODE),,,,,,,True,,,,,True,,,,,101794
TASER (PROBE DISCHARGE),,,,,,,True,,,,,True,,,,,101849
TASER (DRIVE STUN MODE),,,,,,,True,,,,,True,,,,,101857
TASER (PROBE DISCHARGE),,,,,,,True,,,,,True,,,,,101857
TASER (PROBE DISCHARGE),,,,,,,True,,,,,True,,,,,101891
TASER (PROBE DISCHARGE),,,,,,,True,,,,,True,,,,,101897
TASER (PROBE DISCHARGE),,,,,,,True,,,,,True,,,,,101898
TASER (DRIVE STUN MODE),,,,,,,True,,,,,True,,,,,101921
TASER (PROBE DISCHARGE),,,,,,,True,,,,,True,,,,,101945
TASER (PROBE DISCHARGE),,,,,,,True,,,,,True,,,,,101963
TASER (PROBE DISCHARGE),,,,,,,True,,,,,True,,,,,102037
TASER (DRIVE STUN MODE),,,,,,,True,,,,,True,,,,,102070
TASER (PROBE DISCHARGE),,,,,,,True,,,,,True,,,,,102076
TASER (PROBE DISCHARGE),,,,,,,True,,,,,True,,,,,102082
TASER (PROBE DISCHARGE),,,,,,,True,,,,,True,,,,,102092
TASER (PROBE DISCHARGE),,,,,,,True,,,,,True,,,,,102104
TASER (PROBE DISCHARGE),,,,,,,True,,,,,True,,,,,102106
TASER (PROBE DISCHARGE),,,,,,,True,,,,,True,,,,,102111
TASER (PROBE DISCHARGE),,,,,,,True,,,,,True,,,,,102118
TASER (PROBE DISCHARGE),,,,,,,True,,,,,True,,,,,102126
TASER (PROBE DISCHARGE),,,,,,,True,,,,,True,,,,,102151
TASER (PROBE DISCHARGE),,,,,,,True,,,,,True,,,,,102173
TASER (PROBE DISCHARGE),,,,,,,True,,,,,True,,,,,102185
TASER (PROBE DISCHARGE),,,,,,,True,,,,,True,,,,,102191
TASER (PROBE DISCHARGE),,,,,,,True,,,,,True,,,,,102192
CHEMICAL WEAPON,,,,,,,True,,,,,True,,,,,102229
CHEMICAL WEAPON,,,,,,,True,,,,,True,,,,,102230
TASER (PROBE DISCHARGE),,,,,,,True,,,,,True,,,,,102280
TASER (PROBE DISCHARGE),,,,,,,True,,,,,True,,,,,102310
TASER (PROBE DISCHARGE),,,,,,,True,,,,,True,,,,,102327
TASER (PROBE DISCHARGE),,,,,,,True,,,,,True,,,,,102379
TASER (PROBE DISCHARGE),,,,,,,True,,,,,True,,,,,102381
TASER (DRIVE STUN MODE),,,,,,,True,,,,,True,,,,,102383
TASER (PROBE DISCHARGE),,,,,,,True,,,,,True,,,,,102385
CHEMICAL WEAPON,,,,,,,True,,,,,True,,,,,102390
CHEMICAL WEAPON,,,,,,,True,,,,,True,,,,,102391
CHEMICAL WEAPON,,,,,,,True,,,,,True,,,,,102392
CHEMICAL WEAPON,,,,,,,True,,,,,True,,,,,102401
TASER (PROBE DISCHARGE),,,,,,,True,,,,,True,,,,,102405
TASER (PROBE DISCHARGE),,,,,,,True,,,,,True,,,,,102420
TASER (PROBE DISCHARGE),,,,,,,True,,,,,True,,,,,102437
TASER (PROBE DISCHARGE),,,,,,,True,,,,,True,,,,,102494
TASER (PROBE DISCHARGE),,,,,,,True,,,,,True,,,,,102534
TASER (PROBE DISCHARGE),,,,,,,True,,,,,True,,,,,102535
CHEMICAL WEAPON,,,,,,,True,,,,,True,,,,,102544
TASER (PROBE DISCHARGE),,,,,,,True,,,,,True,,,,,102548
CHEMICAL WEAPON,,,,,,,True,,,,,True,,,,,102583
TASER (PROBE DISCHARGE),,,,,,,True,,,,,True,,,,,102601
CHEMICAL WEAPON,,,,,,,True,,,,,True,,,,,102621
TASER (PROBE DISCHARGE),,,,,,,True,,,,,True,,,,,102637
TASER (PROBE DISCHARGE),,,,,,,True,,,,,True,,,,,102647
TASER (DRIVE STUN MODE),,,,,,,True,,,,,True,,,,,102657
TASER (PROBE DISCHARGE),,,,,,,True,,,,,True,,,,,102657
TASER (PROBE DISCHARGE),,,,,,,True,,,,,True,,,,,102662
CHEMICAL WEAPON,,,,,,,True,,,,,True,,,,,102668
TASER (PROBE DISCHARGE),,,,,,,True,,,,,True,,,,,102670
TASER (PROBE DISCHARGE),,,,,,,True,,,,,True,,,,,102676
CHEMICAL WEAPON,,,,,,,True,,,,,True,,,,,102691
SEMI-AUTO PISTOL,SPRINGFIELD ARMS CO.--US--(NAME USED BY CRESCENT),,XDM,4.5, 9 MM,5.0,True,,RIGHT SIDE (WAIST),STRONG SIDE DRAW,,True,VEHICLE,10-15FT,PERSON,SITTING,102741
SEMI-AUTO PISTOL,"GLOCK, INC.--AU--",,17,4.5, 9 MM,16.0,True,,RIGHT SIDE (WAIST),STRONG SIDE DRAW,,True,NONE,0-5FT,PERSON,STANDING,102742
TASER (PROBE DISCHARGE),,,,,,,True,,,,,True,,,,,102755
TASER (DRIVE STUN MODE),,,,,,,True,,,,,True,,,,,102758
TASER (PROBE DISCHARGE),,,,,,,True,,,,,True,,,,,102788
TASER (PROBE DISCHARGE),,,,,,,True,,,,,True,,,,,102813
TASER (PROBE DISCHARGE),,,,,,,True,,,,,True,,,,,102819
TASER (PROBE DISCHARGE),,,,,,,True,,,,,True,,,,,102821
TASER (PROBE DISCHARGE),,,,,,,True,,,,,True,,,,,102825
TASER (PROBE DISCHARGE),,,,,,,True,,,,,True,,,,,102829
RIFLE,,,DEFENDER,16,,3.0,True,,,,,True,DISTANCE,,,,102831
SEMI-AUTO PISTOL,"GLOCK, INC.--AU--",,19,4, 9 MM,3.0,True,,RIGHT SIDE (WAIST),STRONG SIDE DRAW,,False,DISTANCE,0-5FT,ANIMAL,STANDING,102832
TASER (PROBE DISCHARGE),,,,,,,True,,,,,True,,,,,102840
TASER (PROBE DISCHARGE),,,,,,,True,,,,,True,,,,,102876
TASER (DRIVE STUN MODE),,,,,,,True,,,,,True,,,,,102925
SEMI-AUTO PISTOL,"GLOCK, INC.--AU--",,17,4.49, 9 MM,3.0,True,,RIGHT SIDE (WAIST),STRONG SIDE DRAW,,True,NONE,05-10FT,PERSON,STANDING,102935
TASER (PROBE DISCHARGE),,,,,,,True,,,,,True,,,,,102942
TASER (PROBE DISCHARGE),,,,,,,True,,,,,True,,,,,102962
TASER (PROBE DISCHARGE),,,,,,,True,,,,,True,,,,,102979
TASER (PROBE DISCHARGE),,,,,,,True,,,,,True,,,,,102985
TASER (PROBE DISCHARGE),,,,,,,True,,,,,True,,,,,102987
CHEMICAL WEAPON,,,,,,,True,,,,,True,,,,,102990
TASER (PROBE DISCHARGE),,,,,,,True,,,,,True,,,,,103032
TASER (PROBE DISCHARGE),,,,,,,True,,,,,True,,,,,103034
TASER (PROBE DISCHARGE),,,,,,,True,,,,,True,,,,,103038
TASER (PROBE DISCHARGE),,,,,,,True,,,,,True,,,,,103043
TASER (PROBE DISCHARGE),,,,,,,True,,,,,True,,,,,103044
TASER (PROBE DISCHARGE),,,,,,,True,,,,,True,,,,,103101
TASER (PROBE DISCHARGE),,,,,,,True,,,,,True,,,,,103105
SEMI-AUTO PISTOL,"SMITH & WESSON  -US- (BODYGUARD,CHIEF SPECIAL)",,M&P,4, 9 MM,3.0,True,,RIGHT SIDE (WAIST),STRONG SIDE DRAW,,False,NONE,0-5FT,PERSON,STANDING,103156
TASER (PROBE DISCHARGE),,,,,,,True,,,,,True,,,,,103161
TASER (PROBE DISCHARGE),,,,,,,True,,,,,True,,,,,103191
TASER (PROBE DISCHARGE),,,,,,,True,,,,,True,,,,,103204
SEMI-AUTO PISTOL,"GLOCK, INC.--AU--",,21,4.6, 45 ACP,14.0,True,13.0,RIGHT SIDE (WAIST),STRONG SIDE DRAW,EMERGENCY RELOAD,True,POLICE VEHICLE,OVER 15FT,BOTH,SITTING,103227
TASER (DRIVE STUN MODE),,,,,,,True,,,,,True,,,,,103248
TASER (PROBE DISCHARGE),,,,,,,True,,,,,True,,,,,103254
TASER (PROBE DISCHARGE),,,,,,,True,,,,,True,,,,,103261
TASER (PROBE DISCHARGE),,,,,,,True,,,,,True,,,,,103262
TASER (PROBE DISCHARGE),,,,,,,True,,,,,True,,,,,103265
TASER (PROBE DISCHARGE),,,,,,,True,,,,,True,,,,,103285
TASER (PROBE DISCHARGE),,,,,,,True,,,,,True,,,,,103293
TASER (PROBE DISCHARGE),,,,,,,True,,,,,True,,,,,103294
TASER (PROBE DISCHARGE),,,,,,,True,,,,,True,,,,,103336
TASER (PROBE DISCHARGE),,,,,,,True,,,,,True,,,,,103345
TASER (PROBE DISCHARGE),,,,,,,True,,,,,True,,,,,103350
TASER (PROBE DISCHARGE),,,,,,,True,,,,,True,,,,,103351
TASER (PROBE DISCHARGE),,,,,,,True,,,,,True,,,,,103357
TASER (PROBE DISCHARGE),,,,,,,True,,,,,True,,,,,103360
TASER (PROBE DISCHARGE),,,,,,,True,,,,,True,,,,,103387
TASER (PROBE DISCHARGE),,,,,,,True,,,,,True,,,,,103394
TASER (PROBE DISCHARGE),,,,,,,True,,,,,True,,,,,103409
TASER (PROBE DISCHARGE),,,,,,,True,,,,,True,,,,,103429
TASER (PROBE DISCHARGE),,,,,,,True,,,,,True,,,,,103435
TASER (PROBE DISCHARGE),,,,,,,True,,,,,True,,,,,103455
CHEMICAL WEAPON,,,,,,,True,,,,,True,,,,,103456
TASER (PROBE DISCHARGE),,,,,,,True,,,,,True,,,,,103467
TASER (PROBE DISCHARGE),,,,,,,True,,,,,True,,,,,103486
TASER (PROBE DISCHARGE),,,,,,,True,,,,,True,,,,,103513
TASER (PROBE DISCHARGE),,,,,,,True,,,,,True,,,,,103553
TASER (PROBE DISCHARGE),,,,,,,True,,,,,True,,,,,103568
TASER (DRIVE STUN MODE),,,,,,,True,,,,,True,,,,,103584
TASER (PROBE DISCHARGE),,,,,,,True,,,,,True,,,,,103600
TASER (PROBE DISCHARGE),,,,,,,True,,,,,True,,,,,103642
TASER (DRIVE STUN MODE),,,,,,,True,,,,,True,,,,,103645
SEMI-AUTO PISTOL,"GLOCK, INC.--AU--",,17,4.5, 9 MM,8.0,True,,RIGHT SIDE (WAIST),STRONG SIDE DRAW,,False,NONE,05-10FT,PERSON,OTHER (SPECIFY),103649
TASER (PROBE DISCHARGE),,,,,,,True,,,,,True,,,,,103650
TASER (PROBE DISCHARGE),,,,,,,True,,,,,True,,,,,103651
TASER (DRIVE STUN MODE),,,,,,,True,,,,,True,,,,,103654
TASER (PROBE DISCHARGE),,,,,,,True,,,,,True,,,,,103654
CHEMICAL WEAPON,,,,,,,True,,,,,True,,,,,103665
TASER (PROBE DISCHARGE),,,,,,,True,,,,,True,,,,,103667
TASER (PROBE DISCHARGE),,,,,,,True,,,,,True,,,,,103668
TASER (PROBE DISCHARGE),,,,,,,True,,,,,True,,,,,103691
TASER (PROBE DISCHARGE),,,,,,,True,,,,,True,,,,,103693
TASER (DRIVE STUN MODE),,,,,,,True,,,,,True,,,,,103696
TASER (DRIVE STUN MODE),,,,,,,True,,,,,True,,,,,103701
TASER (PROBE DISCHARGE),,,,,,,True,,,,,True,,,,,103720
TASER (DRIVE STUN MODE),,,,,,,True,,,,,True,,,,,103768
TASER (PROBE DISCHARGE),,,,,,,True,,,,,True,,,,,103770
SEMI-AUTO PISTOL,SPRINGFIELD ARMS CO.--US--(NAME USED BY CRESCENT),,XD,4, 45 ACP,1.0,True,0.0,RIGHT SIDE (WAIST),STRONG SIDE DRAW,,True,WALL,10-15FT,OBJECT,STANDING,103793
SEMI-AUTO PISTOL,"GLOCK, INC.--AU--",,19,4, 9 MM,1.0,True,0.0,RIGHT SIDE (WAIST),STRONG SIDE DRAW,DNA,True,CORNER OF BUILDING,OVER 15FT,UNKNOWN,STANDING,103795
SEMI-AUTO PISTOL,"GLOCK, INC.--AU--",,22,4.5,40 S&W,3.0,True,,RIGHT SIDE (WAIST),STRONG SIDE DRAW,,True,REAR FENCE,10-15FT,PERSON,STANDING,103797
SEMI-AUTO PISTOL,"GLOCK, INC.--AU--",,21,4.5, 45 ACP,1.0,True,0.0,RIGHT SIDE (WAIST),STRONG SIDE DRAW,NONE,True,NO COVER,05-10FT,UNKNOWN,STANDING,103798
SEMI-AUTO PISTOL,"GLOCK, INC.--AU--",,19,4, 9 MM,1.0,True,,RIGHT SIDE (WAIST),STRONG SIDE DRAW,,False,NONE,10-15FT,UNKNOWN,STANDING,103801
TASER (PROBE DISCHARGE),,,,,,,True,,,,,True,,,,,103812
TASER (PROBE DISCHARGE),,,,,,,True,,,,,True,,,,,103814
TASER (DRIVE STUN MODE),,,,,,,True,,,,,True,,,,,103831
TASER (PROBE DISCHARGE),,,,,,,True,,,,,True,,,,,103839
TASER (PROBE DISCHARGE),,,,,,,True,,,,,True,,,,,103842
TASER (PROBE DISCHARGE),,,,,,,True,,,,,True,,,,,103846
TASER (PROBE DISCHARGE),,,,,,,True,,,,,True,,,,,103872
TASER (PROBE DISCHARGE),,,,,,,True,,,,,True,,,,,103877
TASER (PROBE DISCHARGE),,,,,,,True,,,,,True,,,,,103881
SEMI-AUTO PISTOL,"GLOCK, INC.--AU--",,22,4,40 S&W,6.0,True,15.0,RIGHT SIDE (WAIST),STRONG SIDE DRAW,LT HAND TACTICAL,False,SQUAD CAR,0-5FT,PERSON,STANDING,103890
SEMI-AUTO PISTOL,"GLOCK, INC.--AU--",,23 GEN 4,4.02,40 S&W,6.0,True,0.0,RIGHT SIDE (WAIST),STRONG SIDE DRAW,DNA,True,NONE,0-5FT,PERSON,STANDING,103891
TASER (PROBE DISCHARGE),,,,,,,True,,,,,True,,,,,103896
TASER (PROBE DISCHARGE),,,,,,,True,,,,,True,,,,,103904
TASER (PROBE DISCHARGE),,,,,,,True,,,,,True,,,,,103905
TASER (PROBE DISCHARGE),,,,,,,True,,,,,True,,,,,103927
SEMI-AUTO PISTOL,"GLOCK, INC.--AU--",,19,4, 9 MM,2.0,True,,RIGHT SIDE (WAIST),STRONG SIDE DRAW,,True,NONE,10-15FT,NONE,STANDING,103970
SEMI-AUTO PISTOL,"GLOCK, INC.--AU--",,19,4.02, 9 MM,5.0,True,0.0,RIGHT SIDE (WAIST),STRONG SIDE DRAW,,False,NONE,10-15FT,NONE,STANDING,103973
CHEMICAL WEAPON,,,,,,,True,,,,,True,,,,,103992
TASER (DRIVE STUN MODE),,,,,,,True,,,,,True,,,,,104011
TASER (PROBE DISCHARGE),,,,,,,True,,,,,True,,,,,104011
TASER (PROBE DISCHARGE),,,,,,,True,,,,,True,,,,,104012
TASER (PROBE DISCHARGE),,,,,,,True,,,,,True,,,,,104015
TASER (PROBE DISCHARGE),,,,,,,True,,,,,True,,,,,104023
TASER (PROBE DISCHARGE),,,,,,,True,,,,,True,,,,,104031
TASER (PROBE DISCHARGE),,,,,,,True,,,,,True,,,,,104036
TASER (PROBE DISCHARGE),,,,,,,True,,,,,True,,,,,104048
TASER (PROBE DISCHARGE),,,,,,,True,,,,,True,,,,,104060
TASER (PROBE DISCHARGE),,,,,,,True,,,,,True,,,,,104087
TASER (PROBE DISCHARGE),,,,,,,True,,,,,True,,,,,104091
TASER (PROBE DISCHARGE),,,,,,,True,,,,,True,,,,,104095
TASER (PROBE DISCHARGE),,,,,,,True,,,,,True,,,,,104096
TASER (PROBE DISCHARGE),,,,,,,True,,,,,True,,,,,104100
TASER (PROBE DISCHARGE),,,,,,,True,,,,,True,,,,,104101
TASER (PROBE DISCHARGE),,,,,,,True,,,,,True,,,,,104109
TASER (PROBE DISCHARGE),,,,,,,True,,,,,True,,,,,104127
TASER (PROBE DISCHARGE),,,,,,,True,,,,,True,,,,,104128
TASER (PROBE DISCHARGE),,,,,,,True,,,,,True,,,,,104155
TASER (PROBE DISCHARGE),,,,,,,True,,,,,True,,,,,104158
TASER (PROBE DISCHARGE),,,,,,,True,,,,,True,,,,,104162
TASER (PROBE DISCHARGE),,,,,,,True,,,,,True,,,,,104164
TASER (PROBE DISCHARGE),,,,,,,True,,,,,True,,,,,104167
TASER (PROBE DISCHARGE),,,,,,,True,,,,,True,,,,,104168
TASER (PROBE DISCHARGE),,,,,,,True,,,,,True,,,,,104243
TASER (PROBE DISCHARGE),,,,,,,True,,,,,True,,,,,104247
TASER (PROBE DISCHARGE),,,,,,,True,,,,,True,,,,,104248
TASER (PROBE DISCHARGE),,,,,,,True,,,,,True,,,,,104299
TASER (PROBE DISCHARGE),,,,,,,True,,,,,True,,,,,104308
TASER (PROBE DISCHARGE),,,,,,,True,,,,,True,,,,,104311
TASER (PROBE DISCHARGE),,,,,,,True,,,,,True,,,,,104312
TASER (PROBE DISCHARGE),,,,,,,True,,,,,True,,,,,104353
SEMI-AUTO PISTOL,"GLOCK, INC.--AU--",,19,4, 9 MM,2.0,True,0.0,LEFT SIDE (WAIST),STRONG SIDE DRAW,,False,NONE,10-15FT,PERSON,SITTING,104360
TASER (PROBE DISCHARGE),,,,,,,True,,,,,True,,,,,104398
TASER (PROBE DISCHARGE),,,,,,,True,,,,,True,,,,,104408
TASER (PROBE DISCHARGE),,,,,,,True,,,,,True,,,,,104424
TASER (PROBE DISCHARGE),,,,,,,True,,,,,True,,,,,104426
TASER (PROBE DISCHARGE),,,,,,,True,,,,,True,,,,,104435
TASER (PROBE DISCHARGE),,,,,,,True,,,,,True,,,,,104460
SEMI-AUTO PISTOL,SPRINGFIELD ARMORY M1A,,XD-45,3.1, 45 ACP,1.0,True,0.0,RIGHT SIDE (WAIST),STRONG SIDE DRAW,DNA,False,NONE,0-5FT,PERSON,STANDING,104468
TASER (PROBE DISCHARGE),,,,,,,True,,,,,True,,,,,104482
SEMI-AUTO PISTOL,"GLOCK, INC.--AU--",,19,4.02, 9 MM,11.0,True,0.0,RIGHT SIDE (WAIST),STRONG SIDE DRAW,DNA,True,DISTANCE,05-10FT,OBJECT,STANDING,104521
SEMI-AUTO PISTOL,"GLOCK, INC.--AU--",,17,4.5, 9 MM,5.0,True,,RIGHT SIDE (WAIST),STRONG SIDE DRAW,,False,NONE,0-5FT,OBJECT,STANDING,104522
TASER (PROBE DISCHARGE),,,,,,,True,,,,,True,,,,,104538
TASER (PROBE DISCHARGE),,,,,,,True,,,,,True,,,,,104548
TASER (PROBE DISCHARGE),,,,,,,True,,,,,True,,,,,104551
TASER (PROBE DISCHARGE),,,,,,,True,,,,,True,,,,,104574
TASER (PROBE DISCHARGE),,,,,,,True,,,,,True,,,,,104595
TASER (PROBE DISCHARGE),,,,,,,True,,,,,True,,,,,104599
TASER (PROBE DISCHARGE),,,,,,,True,,,,,True,,,,,104607
TASER (PROBE DISCHARGE),,,,,,,True,,,,,True,,,,,104608
TASER (PROBE DISCHARGE),,,,,,,True,,,,,True,,,,,104622
CHEMICAL WEAPON,,,,,,,True,,,,,True,,,,,104627
TASER (PROBE DISCHARGE),,,,,,,True,,,,,True,,,,,104631
TASER (PROBE DISCHARGE),,,,,,,True,,,,,True,,,,,104665
TASER (PROBE DISCHARGE),,,,,,,True,,,,,True,,,,,104670
TASER (PROBE DISCHARGE),,,,,,,True,,,,,True,,,,,104672
TASER (PROBE DISCHARGE),,,,,,,True,,,,,True,,,,,104673
TASER (PROBE DISCHARGE),,,,,,,True,,,,,True,,,,,104676
TASER (PROBE DISCHARGE),,,,,,,True,,,,,True,,,,,104679
TASER (PROBE DISCHARGE),,,,,,,True,,,,,True,,,,,104680
TASER (PROBE DISCHARGE),,,,,,,True,,,,,True,,,,,104683
SEMI-AUTO PISTOL,"SMITH & WESSON  -US- (BODYGUARD,CHIEF SPECIAL)",,M&P,4.25, 9 MM,5.0,True,,RIGHT SIDE (WAIST),STRONG SIDE DRAW,,True,NONE,10-15FT,UNKNOWN,STANDING,104689
TASER (PROBE DISCHARGE),,,,,,,True,,,,,True,,,,,104690
TASER (DRIVE STUN MODE),,,,,,,True,,,,,True,,,,,104704
TASER (PROBE DISCHARGE),,,,,,,True,,,,,True,,,,,104731
TASER (PROBE DISCHARGE),,,,,,,True,,,,,True,,,,,104736
TASER (PROBE DISCHARGE),,,,,,,True,,,,,True,,,,,104762
TASER (PROBE DISCHARGE),,,,,,,True,,,,,True,,,,,104819
TASER (PROBE DISCHARGE),,,,,,,True,,,,,True,,,,,104820
TASER (PROBE DISCHARGE),,,,,,,True,,,,,True,,,,,104845
TASER (PROBE DISCHARGE),,,,,,,True,,,,,True,,,,,104858
SEMI-AUTO PISTOL,"GLOCK, INC.--AU--",,17,4.48, 9 MM,5.0,True,,LEFT SIDE (WAIST),STRONG SIDE DRAW,,True,PINNED BETWEEN VEHICLES,05-10FT,PERSON,STANDING,104863
TASER (PROBE DISCHARGE),,,,,,,True,,,,,True,,,,,104926
TASER (PROBE DISCHARGE),,,,,,,True,,,,,True,,,,,104946
TASER (PROBE DISCHARGE),,,,,,,True,,,,,True,,,,,104969
TASER (PROBE DISCHARGE),,,,,,,True,,,,,True,,,,,104987
TASER (PROBE DISCHARGE),,,,,,,True,,,,,True,,,,,104993
TASER (PROBE DISCHARGE),,,,,,,True,,,,,True,,,,,104994
TASER (PROBE DISCHARGE),,,,,,,True,,,,,True,,,,,105018
TASER (PROBE DISCHARGE),,,,,,,True,,,,,True,,,,,105047
TASER (PROBE DISCHARGE),,,,,,,True,,,,,True,,,,,105059
SEMI-AUTO PISTOL,"GLOCK, INC.--AU--",,21,4.61,45 CAL,1.0,True,0.0,RIGHT SIDE (WAIST),STRONG SIDE DRAW,,False,NONE,OVER 15FT,NONE,STANDING,105065
TASER (PROBE DISCHARGE),,,,,,,True,,,,,True,,,,,105096
TASER (PROBE DISCHARGE),,,,,,,True,,,,,True,,,,,105100
TASER (PROBE DISCHARGE),,,,,,,True,,,,,True,,,,,105104
TASER (PROBE DISCHARGE),,,,,,,True,,,,,True,,,,,105106
TASER (PROBE DISCHARGE),,,,,,,True,,,,,True,,,,,105107
TASER (PROBE DISCHARGE),,,,,,,True,,,,,True,,,,,105131
TASER (PROBE DISCHARGE),,,,,,,True,,,,,True,,,,,105183
TASER (PROBE DISCHARGE),,,,,,,True,,,,,True,,,,,105188
TASER (PROBE DISCHARGE),,,,,,,True,,,,,True,,,,,105197
CHEMICAL WEAPON,,,,,,,True,,,,,True,,,,,105200
TASER (PROBE DISCHARGE),,,,,,,True,,,,,True,,,,,105247
TASER (PROBE DISCHARGE),,,,,,,True,,,,,True,,,,,105250
SEMI-AUTO PISTOL,"GLOCK, INC.--AU--",,17,4.5, 9 MM,18.0,True,1.0,LEFT SIDE (WAIST),STRONG SIDE DRAW,TACTICAL RELOAD,True,"SHIELDING AND COVER, TACTICAL RETREAT",OVER 15FT,NONE,STANDING,105260
TASER (PROBE DISCHARGE),,,,,,,True,,,,,True,,,,,105290
TASER (PROBE DISCHARGE),,,,,,,True,,,,,True,,,,,105294
TASER (PROBE DISCHARGE),,,,,,,True,,,,,True,,,,,105295
CHEMICAL WEAPON,,,,,,,True,,,,,True,,,,,105344
TASER (PROBE DISCHARGE),,,,,,,True,,,,,True,,,,,105355
TASER (PROBE DISCHARGE),,,,,,,True,,,,,True,,,,,105358
TASER (PROBE DISCHARGE),,,,,,,True,,,,,True,,,,,105370
TASER (PROBE DISCHARGE),,,,,,,True,,,,,True,,,,,105372
TASER (PROBE DISCHARGE),,,,,,,True,,,,,True,,,,,105373
TASER (PROBE DISCHARGE),,,,,,,True,,,,,True,,,,,105434
CHEMICAL WEAPON,,,,,,,True,,,,,True,,,,,105444
TASER (PROBE DISCHARGE),,,,,,,True,,,,,True,,,SUBJECT,,353787
TASER (PROBE DISCHARGE),,,,,,,True,,,,,True,,,SUBJECT,,354083
TASER (PROBE DISCHARGE),,,,,,,True,,,,,True,,,SUBJECT,,355728
TASER (PROBE DISCHARGE),,,,,,,True,,,,,True,,,SUBJECT,,356653
TASER (PROBE DISCHARGE),,,,,,,True,,,,,True,,,SUBJECT,,357400
TASER (PROBE DISCHARGE),,,,,,,True,,,,,True,,,SUBJECT,,357607
TASER (PROBE DISCHARGE),,,,,,,True,,,,,True,,,SUBJECT,,357711
TASER (PROBE DISCHARGE),,,,,,,True,,,,,True,,,SUBJECT,,360895
TASER (PROBE DISCHARGE),,,,,,,True,,,,,True,,,SUBJECT,,361543
TASER (PROBE DISCHARGE),,,,,,,True,,,,,True,,,NONE,,361650
TASER (PROBE DISCHARGE),,,,,,,True,,,,,True,,,SUBJECT,,362730
TASER (PROBE DISCHARGE),,,,,,,True,,,,,True,,,SUBJECT,,364786
TASER (PROBE DISCHARGE),,,,,,,True,,,,,True,,,NONE,,365125
TASER (PROBE DISCHARGE),,,,,,,True,,,,,True,,,SUBJECT,,366220
TASER (PROBE DISCHARGE),,,,,,,True,,,,,True,,,NONE,,368906
TASER (PROBE DISCHARGE),,,,,,,True,,,,,True,,,SUBJECT,,369507
TASER (PROBE DISCHARGE),,,,,,,True,,,,,True,,,SUBJECT,,370312
TASER (PROBE DISCHARGE),,,,,,,True,,,,,True,,,SUBJECT,,370388
TASER (PROBE DISCHARGE),,,,,,,True,,,,,True,,,SUBJECT,,370573
TASER (PROBE DISCHARGE),,,,,,,True,,,,,True,,,SUBJECT,,376008
TASER (PROBE DISCHARGE),,,,,,,True,,,,,True,,,NONE,,376250
OTHER (SPECIFY),,,,,,,True,,,,,True,,,ANY OTHER COMBINATION,,376278
TASER (PROBE DISCHARGE),,,,,,,True,,,,,True,,,NONE,,376280
TASER (PROBE DISCHARGE),,,,,,,True,,,,,True,,,SUBJECT,,378479
TASER (PROBE DISCHARGE),,,,,,,True,,,,,True,,,SUBJECT,,379343
TASER (PROBE DISCHARGE),,,,,,,True,,,,,True,,,SUBJECT,,379379
TASER (PROBE DISCHARGE),,,,,,,True,,,,,True,,,SUBJECT,,380450
TASER (PROBE DISCHARGE),,,,,,,True,,,,,True,,,SUBJECT,,382088
TASER (PROBE DISCHARGE),,,,,,,True,,,,,True,,,NONE,,383104
TASER (PROBE DISCHARGE),,,,,,,True,,,,,True,,,SUBJECT,,385305
TASER (PROBE DISCHARGE),,,,,,,True,,,,,True,,,SUBJECT,,386607
TASER (PROBE DISCHARGE),,,,,,,True,,,,,True,,,SUBJECT,,387120
TASER (PROBE DISCHARGE),,,,,,,True,,,,,True,,,SUBJECT,,387165
TASER (PROBE DISCHARGE),,,,,,,True,,,,,True,,,SUBJECT,,387183
SEMI-AUTO PISTOL,,GLOCK GMBH,17,,,7.0,True,,,,,True,,,SUBJECT,,387472
TASER (PROBE DISCHARGE),,,,,,,True,,,,,True,,,SUBJECT,,387883
TASER (PROBE DISCHARGE),,,,,,,True,,,,,True,,,SUBJECT,,388956
TASER (PROBE DISCHARGE),,,,,,,True,,,,,True,,,SUBJECT,,389387
TASER (PROBE DISCHARGE),,,,,,,True,,,,,True,,,NONE,,393000
SEMI-AUTO PISTOL,,GLOCK GMBH,17,,,9.0,True,,,,,True,,,UNKNOWN,,393020
SEMI-AUTO PISTOL,,"SPRINGFIELD ARMORY,GENESEO,IL",XD9,,,14.0,True,,,,,True,,,UNKNOWN,,393021
TASER (PROBE DISCHARGE),,,,,,,True,,,,,True,,,SUBJECT,,396997
TASER (PROBE DISCHARGE),,,,,,,True,,,,,True,,,SUBJECT,,398871
TASER (PROBE DISCHARGE),,,,,,,True,,,,,True,,,SUBJECT,,398937
TASER (PROBE DISCHARGE),,,,,,,True,,,,,True,,,SUBJECT,,399012
TASER (PROBE DISCHARGE),,,,,,,True,,,,,True,,,SUBJECT,,399105
TASER (PROBE DISCHARGE),,,,,,,True,,,,,True,,,SUBJECT,,401509
SEMI-AUTO PISTOL,,GLOCK GMBH,42,,,1.0,True,,,,,True,,,SUBJECT,,401602
TASER (PROBE DISCHARGE),,,,,,,True,,,,,True,,,SUBJECT,,407932
TASER (PROBE DISCHARGE),,,,,,,True,,,,,True,,,SUBJECT,,408005
TASER (PROBE DISCHARGE),,,,,,,True,,,,,True,,,SUBJECT,,409070
TASER (PROBE DISCHARGE),,,,,,,True,,,,,True,,,SUBJECT,,409199
TASER (PROBE DISCHARGE),,,,,,,True,,,,,True,,,SUBJECT,,409847
TASER (PROBE DISCHARGE),,,,,,,True,,,,,True,,,SUBJECT,,409927
TASER (PROBE DISCHARGE),,,,,,,True,,,,,True,,,SUBJECT,,410484
TASER (PROBE DISCHARGE),,,,,,,True,,,,,True,,,SUBJECT,,412105
TASER (PROBE DISCHARGE),,,,,,,True,,,,,True,,,SUBJECT,,412420
TASER (PROBE DISCHARGE),,,,,,,True,,,,,True,,,SUBJECT,,414702
TASER (PROBE DISCHARGE),,,,,,,True,,,,,True,,,SUBJECT,,419131
SEMI-AUTO PISTOL,,GLOCK GMBH,19,,,1.0,True,,,,,True,,,OBJECT,,420870
SEMI-AUTO PISTOL,,GLOCK GMBH,19,,,1.0,True,,,,,True,,,UNKNOWN,,420877
SEMI-AUTO PISTOL,,SMITH & WESSON,M&P,,,1.0,True,,,,,True,,,OBJECT,,420945
TASER (PROBE DISCHARGE),,,,,,,True,,,,,True,,,SUBJECT,,421862
SEMI-AUTO PISTOL,,GLOCK GMBH,17,,,3.0,True,,,,,True,,,SUBJECT,,424638
SEMI-AUTO PISTOL,,GLOCK GMBH,17,,,3.0,True,,,,,True,,,SUBJECT,,424755
TASER (PROBE DISCHARGE),,,,,,,True,,,,,True,,,OBJECT,,426034
TASER (PROBE DISCHARGE),,,,,,,True,,,,,True,,,SUBJECT,,428376
TASER (PROBE DISCHARGE),,,,,,,True,,,,,True,,,SUBJECT,,428380
SEMI-AUTO PISTOL,,RUGER,LCP,,,2.0,True,,,,,True,,,NONE,,428917
REVOLVER,,SMITH & WESSON,38,,,1.0,True,,,,,True,,,NONE,,428986
TASER (PROBE DISCHARGE),,,,,,,True,,,,,True,,,SUBJECT,,431103
TASER (PROBE DISCHARGE),,,,,,,True,,,,,True,,,SUBJECT,,431570
TASER (PROBE DISCHARGE),,,,,,,True,,,,,True,,,SUBJECT,,432843
TASER (PROBE DISCHARGE),,,,,,,True,,,,,True,,,NONE,,437912
CHEMICAL WEAPON,,,,,,,True,,,,,True,,,SUBJECT,,443588
TASER (PROBE DISCHARGE),,,,,,,True,,,,,True,,,SUBJECT,,444720
TASER (PROBE DISCHARGE),,,,,,,True,,,,,True,,,NONE,,447910
TASER (PROBE DISCHARGE),,,,,,,True,,,,,True,,,SUBJECT,,450937
TASER (PROBE DISCHARGE),,,,,,,True,,,,,True,,,SUBJECT,,451238
TASER (PROBE DISCHARGE),,,,,,,True,,,,,True,,,SUBJECT,,453513
SEMI-AUTO PISTOL,,GLOCK GMBH,19,,,4.0,True,,,,,True,,,SUBJECT,,453802
TASER (PROBE DISCHARGE),,,,,,,True,,,,,True,,,SUBJECT,,454969
OTHER (SPECIFY),,,,,,,True,,,,,True,,,NONE,,456570
OTHER (SPECIFY),,,,,,,True,,,,,True,,,NONE,,457517
TASER (PROBE DISCHARGE),,,,,,,True,,,,,True,,,SUBJECT,,460135
TASER (PROBE DISCHARGE),,,,,,,True,,,,,True,,,SUBJECT,,461306
TASER (PROBE DISCHARGE),,,,,,,True,,,,,True,,,NONE,,463983
TASER (PROBE DISCHARGE),,,,,,,True,,,,,True,,,SUBJECT,,465507
TASER (PROBE DISCHARGE),,,,,,,True,,,,,True,,,SUBJECT,,466003
SEMI-AUTO PISTOL,,GLOCK GMBH,17,,,1.0,True,,,,,True,,,SUBJECT,,468384
TASER (PROBE DISCHARGE),,,,,,,True,,,,,True,,,SUBJECT,,468384
TASER (PROBE DISCHARGE),,,,,,,True,,,,,True,,,SUBJECT,,468516
TASER (PROBE DISCHARGE),,,,,,,True,,,,,True,,,NONE,,470775
TASER (PROBE DISCHARGE),,,,,,,True,,,,,True,,,SUBJECT,,472679
TASER (PROBE DISCHARGE),,,,,,,True,,,,,True,,,SUBJECT,,476167
TASER (PROBE DISCHARGE),,,,,,,True,,,,,True,,,SUBJECT,,484383
TASER (PROBE DISCHARGE),,,,,,,True,,,,,True,,,SUBJECT,,484387
TASER (PROBE DISCHARGE),,,,,,,True,,,,,True,,,SUBJECT,,490255
TASER (PROBE DISCHARGE),,,,,,,True,,,,,True,,,SUBJECT,,491766
TASER (PROBE DISCHARGE),,,,,,,True,,,,,True,,,SUBJECT,,493134
TASER (PROBE DISCHARGE),,,,,,,True,,,,,True,,,SUBJECT,,494762
SEMI-AUTO PISTOL,,"SAUER, J. P. (SAUER & SOHN)",P220,,,4.0,True,,,,,True,,,SUBJECT,,494815
TASER (PROBE DISCHARGE),,,,,,,True,,,,,True,,,SUBJECT,,495433
TASER (PROBE DISCHARGE),,,,,,,True,,,,,True,,,SUBJECT,,495639
TASER (PROBE DISCHARGE),,,,,,,True,,,,,True,,,SUBJECT,,500033
TASER (PROBE DISCHARGE),,,,,,,True,,,,,True,,,NONE,,503691
TASER (PROBE DISCHARGE),,,,,,,True,,,,,True,,,SUBJECT,,504920
TASER (PROBE DISCHARGE),,,,,,,True,,,,,True,,,SUBJECT,,506720
TASER (PROBE DISCHARGE),,,,,,,True,,,,,True,,,SUBJECT,,508670
TASER (PROBE DISCHARGE),,,,,,,True,,,,,True,,,SUBJECT,,508812
CHEMICAL WEAPON,,,,,,,True,,,,,True,,,SUBJECT,,511615
TASER (PROBE DISCHARGE),,,,,,,True,,,,,True,,,SUBJECT,,516004
TASER (PROBE DISCHARGE),,,,,,,True,,,,,True,,,SUBJECT,,516817
TASER (PROBE DISCHARGE),,,,,,,True,,,,,True,,,SUBJECT,,517688
TASER (PROBE DISCHARGE),,,,,,,True,,,,,True,,,SUBJECT,,520462
TASER (PROBE DISCHARGE),,,,,,,True,,,,,True,,,,,523752
TASER (PROBE DISCHARGE),,,,,,,True,,,,,True,,,SUBJECT,,525082
TASER (PROBE DISCHARGE),,,,,,,True,,,,,True,,,SUBJECT,,531327
TASER (PROBE DISCHARGE),,,,,,,True,,,,,True,,,NONE,,531523
TASER (PROBE DISCHARGE),,,,,,,True,,,,,True,,,SUBJECT,,534118
SEMI-AUTO PISTOL,,GLOCK GMBH,19,,,2.0,True,,,,,True,,,UNKNOWN,,534977
SEMI-AUTO PISTOL,,GLOCK GMBH,19,,,3.0,True,,,,,True,,,SUBJECT,,535457
CHEMICAL WEAPON,,,,,,,True,,,,,True,,,SUBJECT,,536576
TASER (PROBE DISCHARGE),,,,,,,True,,,,,True,,,SUBJECT,,537310
TASER (PROBE DISCHARGE),,,,,,,True,,,,,True,,,SUBJECT,,537636
TASER (PROBE DISCHARGE),,,,,,,True,,,,,True,,,SUBJECT,,539556
TASER (PROBE DISCHARGE),,,,,,,True,,,,,True,,,SUBJECT,,540813
TASER (PROBE DISCHARGE),,,,,,,True,,,,,True,,,SUBJECT,,541684
TASER (PROBE DISCHARGE),,,,,,,True,,,,,True,,,SUBJECT,,542389
TASER (PROBE DISCHARGE),,,,,,,True,,,,,True,,,SUBJECT,,544108
TASER (PROBE DISCHARGE),,,,,,,True,,,,,True,,,SUBJECT,,544866
SEMI-AUTO PISTOL,,"SPRINGFIELD ARMORY,GENESEO,IL",XDM,,,3.0,True,,,,,True,,,SUBJECT,,547133
TASER (PROBE DISCHARGE),,,,,,,True,,,,,True,,,NONE,,549757
OTHER (SPECIFY),,,,,,,True,,,,,True,,,NONE,,549933
TASER (PROBE DISCHARGE),,,,,,,True,,,,,True,,,SUBJECT,,552827
TASER (PROBE DISCHARGE),,,,,,,True,,,,,True,,,SUBJECT,,553664
TASER (PROBE DISCHARGE),,,,,,,True,,,,,True,,,SUBJECT,,553802
OTHER (SPECIFY),,,,,,,True,,,,,True,,,SUBJECT,,555904
RIFLE,,BUSHMASTER FIREARMS,XM15E2,,,1.0,True,,,,,True,,,SUBJECT,,555904
OTHER (SPECIFY),,,,,,,True,,,,,True,,,SUBJECT,,555911
RIFLE,,REMINGTON ARMS CO.,870,,,1.0,True,,,,,True,,,SUBJECT,,555911
TASER (PROBE DISCHARGE),,,,,,,True,,,,,True,,,SUBJECT,,556989
TASER (PROBE DISCHARGE),,,,,,,True,,,,,True,,,SUBJECT,,557130
TASER (PROBE DISCHARGE),,,,,,,True,,,,,True,,,SUBJECT,,558328
TASER (PROBE DISCHARGE),,,,,,,True,,,,,True,,,SUBJECT,,559283
TASER (PROBE DISCHARGE),,,,,,,True,,,,,True,,,,,561086
CHEMICAL WEAPON,,,,,,,True,,,,,True,,,SUBJECT,,562735
TASER (PROBE DISCHARGE),,,,,,,True,,,,,True,,,SUBJECT,,563682
TASER (PROBE DISCHARGE),,,,,,,True,,,,,True,,,NONE,,564089
TASER (PROBE DISCHARGE),,,,,,,True,,,,,True,,,NONE,,564120
TASER (PROBE DISCHARGE),,,,,,,True,,,,,True,,,SUBJECT,,566805
TASER (PROBE DISCHARGE),,,,,,,True,,,,,True,,,SUBJECT,,566806
TASER (PROBE DISCHARGE),,,,,,,True,,,,,True,,,SUBJECT,,566808
TASER (PROBE DISCHARGE),,,,,,,True,,,,,True,,,SUBJECT,,566809
TASER (PROBE DISCHARGE),,,,,,,True,,,,,True,,,SUBJECT,,567525
TASER (PROBE DISCHARGE),,,,,,,True,,,,,True,,,SUBJECT,,567537
TASER (PROBE DISCHARGE),,,,,,,True,,,,,True,,,SUBJECT,,570281
SEMI-AUTO PISTOL,,GLOCK GMBH,17,,,8.0,True,,,,,True,,,SUBJECT,,572692
SEMI-AUTO PISTOL,,GLOCK GMBH,17,,,2.0,True,,,,,True,,,SUBJECT,,572743
CHEMICAL WEAPON,,,,,,,True,,,,,True,,,SUBJECT,,573591
TASER (PROBE DISCHARGE),,,,,,,True,,,,,True,,,SUBJECT,,576229
TASER (PROBE DISCHARGE),,,,,,,True,,,,,True,,,NONE,,577988
TASER (PROBE DISCHARGE),,,,,,,True,,,,,True,,,SUBJECT,,578076
TASER (PROBE DISCHARGE),,,,,,,True,,,,,True,,,SUBJECT,,578929
TASER (PROBE DISCHARGE),,,,,,,True,,,,,True,,,SUBJECT,,579039
TASER (PROBE DISCHARGE),,,,,,,True,,,,,True,,,SUBJECT,,579111
TASER (PROBE DISCHARGE),,,,,,,True,,,,,True,,,,,579694
TASER (PROBE DISCHARGE),,,,,,,True,,,,,True,,,SUBJECT,,581965
SEMI-AUTO PISTOL,,GLOCK GMBH,19,,,5.0,True,,,,,True,,,SUBJECT,,583253
CHEMICAL WEAPON,,,,,,,True,,,,,True,,,SUBJECT,,583540
TASER (PROBE DISCHARGE),,,,,,,True,,,,,True,,,SUBJECT,,586349
TASER (PROBE DISCHARGE),,,,,,,True,,,,,True,,,SUBJECT,,589844
TASER (PROBE DISCHARGE),,,,,,,True,,,,,True,,,SUBJECT,,592517
TASER (PROBE DISCHARGE),,,,,,,True,,,,,True,,,SUBJECT,,594419
TASER (PROBE DISCHARGE),,,,,,,True,,,,,True,,,SUBJECT,,597295
TASER (PROBE DISCHARGE),,,,,,,True,,,,,True,,,NONE,,598638
TASER (PROBE DISCHARGE),,,,,,,True,,,,,True,,,SUBJECT,,599653
TASER (PROBE DISCHARGE),,,,,,,True,,,,,True,,,SUBJECT,,599671
TASER (PROBE DISCHARGE),,,,,,,True,,,,,True,,,SUBJECT,,599947
TASER (PROBE DISCHARGE),,,,,,,True,,,,,True,,,SUBJECT,,599956
TASER (PROBE DISCHARGE),,,,,,,True,,,,,True,,,SUBJECT,,600128
TASER (PROBE DISCHARGE),,,,,,,True,,,,,True,,,SUBJECT,,601331
TASER (PROBE DISCHARGE),,,,,,,True,,,,,True,,,SUBJECT,,602255
TASER (PROBE DISCHARGE),,,,,,,True,,,,,True,,,SUBJECT,,602285
TASER (PROBE DISCHARGE),,,,,,,True,,,,,True,,,SUBJECT,,603115
TASER (PROBE DISCHARGE),,,,,,,True,,,,,True,,,SUBJECT,,603251
CHEMICAL WEAPON,,,,,,,True,,,,,True,,,SUBJECT,,603809
TASER (PROBE DISCHARGE),,,,,,,True,,,,,True,,,SUBJECT,,604201
TASER (PROBE DISCHARGE),,,,,,,True,,,,,True,,,SUBJECT,,604909
TASER (PROBE DISCHARGE),,,,,,,True,,,,,True,,,SUBJECT,,611533
TASER (PROBE DISCHARGE),,,,,,,True,,,,,True,,,ANY OTHER COMBINATION,,612296
TASER (PROBE DISCHARGE),,,,,,,True,,,,,True,,,SUBJECT,,612310
TASER (PROBE DISCHARGE),,,,,,,True,,,,,True,,,SUBJECT,,612587
TASER (PROBE DISCHARGE),,,,,,,True,,,,,True,,,SUBJECT,,613485
TASER (PROBE DISCHARGE),,,,,,,True,,,,,True,,,NONE,,615744
TASER (PROBE DISCHARGE),,,,,,,True,,,,,True,,,SUBJECT,,616373
TASER (PROBE DISCHARGE),,,,,,,True,,,,,True,,,SUBJECT,,616381
TASER (PROBE DISCHARGE),,,,,,,True,,,,,True,,,SUBJECT,,616398
TASER (PROBE DISCHARGE),,,,,,,True,,,,,True,,,SUBJECT,,616935
TASER (PROBE DISCHARGE),,,,,,,True,,,,,True,,,SUBJECT,,617742
TASER (PROBE DISCHARGE),,,,,,,True,,,,,True,,,SUBJECT,,617743
SEMI-AUTO PISTOL,,GLOCK GMBH,19,,,11.0,True,,,,,True,,,UNKNOWN,,627186
SEMI-AUTO PISTOL,,GLOCK GMBH,17,,,7.0,True,,,,,True,,,UNKNOWN,,627195
TASER (PROBE DISCHARGE),,,,,,,True,,,,,True,,,SUBJECT,,629237
TASER (PROBE DISCHARGE),,,,,,,True,,,,,True,,,SUBJECT,,631719
TASER (PROBE DISCHARGE),,,,,,,True,,,,,True,,,SUBJECT,,631782
TASER (PROBE DISCHARGE),,,,,,,True,,,,,True,,,SUBJECT,,632272
TASER (PROBE DISCHARGE),,,,,,,True,,,,,True,,,OTHER PERSON,,633824
TASER (PROBE DISCHARGE),,,,,,,True,,,,,True,,,SUBJECT,,634538
TASER (PROBE DISCHARGE),,,,,,,True,,,,,True,,,SUBJECT,,635981
TASER (PROBE DISCHARGE),,,,,,,True,,,,,True,,,SUBJECT,,640158
TASER (PROBE DISCHARGE),,,,,,,True,,,,,True,,,NONE,,645828
TASER (PROBE DISCHARGE),,,,,,,True,,,,,True,,,SUBJECT,,646871
TASER (PROBE DISCHARGE),,,,,,,True,,,,,True,,,SUBJECT,,648629
TASER (PROBE DISCHARGE),,,,,,,True,,,,,True,,,SUBJECT,,650241
TASER (PROBE DISCHARGE),,,,,,,True,,,,,True,,,NONE,,650322
TASER (PROBE DISCHARGE),,,,,,,True,,,,,True,,,SUBJECT,,650627
TASER (PROBE DISCHARGE),,,,,,,True,,,,,True,,,SUBJECT,,655069
TASER (PROBE DISCHARGE),,,,,,,True,,,,,True,,,SUBJECT,,655783
CHEMICAL WEAPON,,,,,,,True,,,,,True,,,SUBJECT,,662144
TASER (PROBE DISCHARGE),,,,,,,True,,,,,True,,,SUBJECT,,669884
TASER (PROBE DISCHARGE),,,,,,,True,,,,,True,,,NONE,,671313
TASER (PROBE DISCHARGE),,,,,,,True,,,,,True,,,SUBJECT,,673402
TASER (PROBE DISCHARGE),,,,,,,True,,,,,True,,,SUBJECT,,681100
TASER (PROBE DISCHARGE),,,,,,,True,,,,,True,,,OBJECT,,681607
TASER (PROBE DISCHARGE),,,,,,,True,,,,,True,,,SUBJECT,,685633
TASER (PROBE DISCHARGE),,,,,,,True,,,,,True,,,NONE,,686371
CHEMICAL WEAPON,,,,,,,True,,,,,True,,,SUBJECT,,687532
SEMI-AUTO PISTOL,,GLOCK GMBH,17,,,1.0,True,,,,,True,,,SUBJECT,,689245
TASER (PROBE DISCHARGE),,,,,,,True,,,,,True,,,SUBJECT,,690167
TASER (PROBE DISCHARGE),,,,,,,True,,,,,True,,,SUBJECT,,691004
TASER (PROBE DISCHARGE),,,,,,,True,,,,,True,,,SUBJECT,,691721
TASER (PROBE DISCHARGE),,,,,,,True,,,,,True,,,SUBJECT,,692181
TASER (PROBE DISCHARGE),,,,,,,True,,,,,True,,,SUBJECT,,694448
TASER (PROBE DISCHARGE),,,,,,,True,,,,,True,,,SUBJECT,,694498
TASER (PROBE DISCHARGE),,,,,,,True,,,,,True,,,SUBJECT,,703948
TASER (PROBE DISCHARGE),,,,,,,True,,,,,True,,,SUBJECT,,704685
SEMI-AUTO PISTOL,,GLOCK GMBH,17,,,1.0,True,,,,,True,,,SUBJECT,,706383
TASER (PROBE DISCHARGE),,,,,,,True,,,,,True,,,SUBJECT,,706755
TASER (PROBE DISCHARGE),,,,,,,True,,,,,True,,,SUBJECT,,710757
RIFLE,,BUSHMASTER FIREARMS,XM15E2,,,5.0,True,,,,,True,,,SUBJECT,,716202
RIFLE,,BUSHMASTER FIREARMS,XM15E2,,,5.0,True,,,,,True,,,SUBJECT,,716386
SEMI-AUTO PISTOL,,SMITH & WESSON,M&P,,,4.0,True,,,,,True,,,SUBJECT,,717871
TASER (PROBE DISCHARGE),,,,,,,True,,,,,True,,,SUBJECT,,723075
TASER (PROBE DISCHARGE),,,,,,,True,,,,,True,,,SUBJECT,,723102
TASER (PROBE DISCHARGE),,,,,,,True,,,,,True,,,NONE,,723116
TASER (PROBE DISCHARGE),,,,,,,True,,,,,True,,,SUBJECT,,729649
TASER (PROBE DISCHARGE),,,,,,,True,,,,,True,,,SUBJECT,,730339
TASER (PROBE DISCHARGE),,,,,,,True,,,,,True,,,SUBJECT,,740151
TASER (PROBE DISCHARGE),,,,,,,True,,,,,True,,,SUBJECT,,746497
TASER (PROBE DISCHARGE),,,,,,,True,,,,,True,,,SUBJECT,,747533
TASER (PROBE DISCHARGE),,,,,,,True,,,,,True,,,SUBJECT,,748669
REVOLVER,,SMITH & WESSON,686,,,1.0,True,,,,,True,,,NONE,,748965
CHEMICAL WEAPON,,,,,,,True,,,,,True,,,SUBJECT,,757231
TASER (PROBE DISCHARGE),,,,,,,True,,,,,True,,,SUBJECT,,757308
CHEMICAL WEAPON,,,,,,,True,,,,,True,,,SUBJECT,,757313
TASER (PROBE DISCHARGE),,,,,,,True,,,,,True,,,SUBJECT,,757313
TASER (PROBE DISCHARGE),,,,,,,True,,,,,True,,,SUBJECT,,757354
TASER (PROBE DISCHARGE),,,,,,,True,,,,,True,,,SUBJECT,,757707
TASER (PROBE DISCHARGE),,,,,,,True,,,,,True,,,NONE,,763983
TASER (PROBE DISCHARGE),,,,,,,True,,,,,True,,,SUBJECT,,765730
SEMI-AUTO PISTOL,,GLOCK GMBH,17,,,1.0,True,,,,,True,,,UNKNOWN,,772734
TASER (PROBE DISCHARGE),,,,,,,True,,,,,True,,,SUBJECT,,773290
TASER (PROBE DISCHARGE),,,,,,,True,,,,,True,,,SUBJECT,,778904
TASER (PROBE DISCHARGE),,,,,,,True,,,,,True,,,SUBJECT,,795609
TASER (PROBE DISCHARGE),,,,,,,True,,,,,True,,,NONE,,796441
TASER (PROBE DISCHARGE),,,,,,,True,,,,,True,,,SUBJECT,,797846
TASER (PROBE DISCHARGE),,,,,,,True,,,,,True,,,SUBJECT,,798825
TASER (PROBE DISCHARGE),,,,,,,True,,,,,True,,,SUBJECT,,800480
TASER (PROBE DISCHARGE),,,,,,,True,,,,,True,,,SUBJECT,,816097
TASER (PROBE DISCHARGE),,,,,,,True,,,,,True,,,SUBJECT,,819100
TASER (DRIVE STUN MODE),,,,,,,True,,,,,True,,,SUBJECT,,819241
TASER (PROBE DISCHARGE),,,,,,,True,,,,,True,,,SUBJECT,,821845
TASER (PROBE DISCHARGE),,,,,,,True,,,,,True,,,SUBJECT,,828049
CHEMICAL WEAPON,,,,,,,True,,,,,True,,,OTHER PERSON,,831580
TASER (PROBE DISCHARGE),,,,,,,True,,,,,True,,,SUBJECT,,832983
TASER (PROBE DISCHARGE),,,,,,,True,,,,,True,,,SUBJECT,,834914
TASER (PROBE DISCHARGE),,,,,,,True,,,,,True,,,SUBJECT,,842081
SEMI-AUTO PISTOL,,SMITH & WESSON,M&P,,,4.0,True,,,,,True,,,OBJECT,,850483
TASER (PROBE DISCHARGE),,,,,,,True,,,,,True,,,SUBJECT,,864031
TASER (PROBE DISCHARGE),,,,,,,True,,,,,True,,,SUBJECT,,878307
CHEMICAL WEAPON,,,,,,,True,,,,,True,,,,,894708
CHEMICAL WEAPON,,,,,,,True,,,,,True,,,SUBJECT,,900386
TASER (PROBE DISCHARGE),,,,,,,True,,,,,True,,,SUBJECT,,914816
TASER (PROBE DISCHARGE),,,,,,,True,,,,,True,,,SUBJECT,,916398
TASER (PROBE DISCHARGE),,,,,,,True,,,,,True,,,SUBJECT,,917779
TASER (PROBE DISCHARGE),,,,,,,True,,,,,True,,,SUBJECT,,920662
TASER (PROBE DISCHARGE),,,,,,,True,,,,,True,,,SUBJECT,,923412
TASER (PROBE DISCHARGE),,,,,,,True,,,,,True,,,SUBJECT,,925335
TASER (PROBE DISCHARGE),,,,,,,True,,,,,True,,,SUBJECT,,927486
SEMI-AUTO PISTOL,,GLOCK GMBH,19,,,8.0,True,,,,,True,,,UNKNOWN,,928121
SEMI-AUTO PISTOL,,GLOCK GMBH,19,,,14.0,True,,,,,True,,,SUBJECT,,928126
SEMI-AUTO PISTOL,,GLOCK GMBH,19,,,8.0,True,,,,,True,,,UNKNOWN,,928128
SEMI-AUTO PISTOL,,GLOCK GMBH,17,,,14.0,True,,,,,True,,,UNKNOWN,,928152
TASER (PROBE DISCHARGE),,,,,,,True,,,,,True,,,SUBJECT,,931976
TASER (PROBE DISCHARGE),,,,,,,True,,,,,True,,,SUBJECT,,936454
CHEMICAL WEAPON,,,,,,,True,,,,,True,,,SUBJECT,,936620
TASER (PROBE DISCHARGE),,,,,,,True,,,,,True,,,SUBJECT,,955830
TASER (PROBE DISCHARGE),,,,,,,True,,,,,True,,,SUBJECT,,956570
TASER (PROBE DISCHARGE),,,,,,,True,,,,,True,,,SUBJECT,,963916
TASER (PROBE DISCHARGE),,,,,,,True,,,,,True,,,SUBJECT,,981202
TASER (PROBE DISCHARGE),,,,,,,True,,,,,True,,,SUBJECT,,987223
TASER (PROBE DISCHARGE),,,,,,,True,,,,,True,,,NONE,,987811
TASER (PROBE DISCHARGE),,,,,,,True,,,,,True,,,,,989456
SEMI-AUTO PISTOL,,GLOCK GMBH,26,,,1.0,True,,,,,True,,,OBJECT,,997787
TASER (PROBE DISCHARGE),,,,,,,True,,,,,True,,,SUBJECT,,1007651
TASER (PROBE DISCHARGE),,,,,,,True,,,,,True,,,SUBJECT,,1020303
TASER (PROBE DISCHARGE),,,,,,,True,,,,,True,,,SUBJECT,,1022698
TASER (PROBE DISCHARGE),,,,,,,True,,,,,True,,,SUBJECT,,1023001
TASER (PROBE DISCHARGE),,,,,,,True,,,,,True,,,NONE,,1028599
TASER (PROBE DISCHARGE),,,,,,,True,,,,,True,,,SUBJECT,,1033326
TASER (PROBE DISCHARGE),,,,,,,True,,,,,True,,,SUBJECT,,1040563
TASER (PROBE DISCHARGE),,,,,,,True,,,,,True,,,SUBJECT,,1114872
TASER (PROBE DISCHARGE),,,,,,,True,,,,,True,,,SUBJECT,,1124841
TASER (PROBE DISCHARGE),,,,,,,True,,,,,True,,,SUBJECT,,1135709
TASER (PROBE DISCHARGE),,,,,,,True,,,,,True,,,SUBJECT,,1157012
TASER (PROBE DISCHARGE),,,,,,,True,,,,,True,,,SUBJECT,,1164320
TASER (PROBE DISCHARGE),,,,,,,True,,,,,True,,,NONE,,1166361
TASER (PROBE DISCHARGE),,,,,,,True,,,,,True,,,SUBJECT,,1194454
TASER (PROBE DISCHARGE),,,,,,,True,,,,,True,,,SUBJECT,,1212009
TASER (PROBE DISCHARGE),,,,,,,True,,,,,True,,,SUBJECT,,1226189
TASER (PROBE DISCHARGE),,,,,,,True,,,,,True,,,SUBJECT,,1265648
TASER (PROBE DISCHARGE),,,,,,,True,,,,,True,,,SUBJECT,,1266337
CHEMICAL WEAPON,,,,,,,True,,,,,True,,,SUBJECT,,1366661
TASER (PROBE DISCHARGE),,,,,,,True,,,,,True,,,SUBJECT,,1374720
TASER (PROBE DISCHARGE),,,,,,,True,,,,,True,,,SUBJECT,,1389127
TASER (PROBE DISCHARGE),,,,,,,True,,,,,True,,,SUBJECT,,1393930
TASER (PROBE DISCHARGE),,,,,,,True,,,,,True,,,SUBJECT,,1395968
TASER (PROBE DISCHARGE),,,,,,,True,,,,,True,,,SUBJECT,,1404205
TASER (PROBE DISCHARGE),,,,,,,True,,,,,True,,,SUBJECT,,1441620
TASER (PROBE DISCHARGE),,,,,,,True,,,,,True,,,SUBJECT,,1450272
TASER (PROBE DISCHARGE),,,,,,,True,,,,,True,,,SUBJECT,,1455002
SEMI-AUTO PISTOL,,GLOCK GMBH,19,,,11.0,True,,,,,True,,,UNKNOWN,,1460357
SEMI-AUTO PISTOL,,GLOCK GMBH,17,,,9.0,True,,,,,True,,,SUBJECT,,1460383
TASER (PROBE DISCHARGE),,,,,,,True,,,,,True,,,SUBJECT,,1460585
TASER (PROBE DISCHARGE),,,,,,,True,,,,,True,,,SUBJECT,,1500596
TASER (PROBE DISCHARGE),,,,,,,True,,,,,True,,,SUBJECT,,1503286
CHEMICAL WEAPON,,,,,,,True,,,,,True,,,SUBJECT,,1527738
TASER (PROBE DISCHARGE),,,,,,,True,,,,,True,,,NONE,,1541739
TASER (PROBE DISCHARGE),,,,,,,True,,,,,True,,,SUBJECT,,1548543
SEMI-AUTO PISTOL,,GLOCK GMBH,17,,,5.0,True,,,,,True,,,SUBJECT,,1602368
RIFLE,,BUSHMASTER FIREARMS,M4,,,2.0,True,,,,,True,,,SUBJECT,,1602902
TASER (PROBE DISCHARGE),,,,,,,True,,,,,True,,,SUBJECT,,1616844
TASER (PROBE DISCHARGE),,,,,,,True,,,,,True,,,SUBJECT,,1619222
TASER (PROBE DISCHARGE),,,,,,,True,,,,,True,,,SUBJECT,,1634743
TASER (PROBE DISCHARGE),,,,,,,True,,,,,True,,,SUBJECT,,1635464
TASER (PROBE DISCHARGE),,,,,,,True,,,,,True,,,SUBJECT,,1648314
TASER (PROBE DISCHARGE),,,,,,,True,,,,,True,,,SUBJECT,,1649290
SEMI-AUTO PISTOL,,"S.I.G. (SWISS INDUSTRIEL GESELLSHAFT),SIG-ARMS,SIG-SAUER",P320,,,6.0,True,,,,,True,,,UNKNOWN,,1649858
SEMI-AUTO PISTOL,,"S.I.G. (SWISS INDUSTRIEL GESELLSHAFT),SIG-ARMS,SIG-SAUER",P320,,,1.0,True,,,,,True,,,UNKNOWN,,1650049
TASER (PROBE DISCHARGE),,,,,,,True,,,,,True,,,SUBJECT,,1650155
TASER (PROBE DISCHARGE),,,,,,,True,,,,,True,,,SUBJECT,,1667231
TASER (PROBE DISCHARGE),,,,,,,True,,,,,True,,,SUBJECT,,1691003
SEMI-AUTO PISTOL,,GLOCK GMBH,17,,,4.0,True,,,,,True,,,SUBJECT,,1702550
TASER (PROBE DISCHARGE),,,,,,,True,,,,,True,,,SUBJECT,,1850040
CHEMICAL WEAPON,,,,,,,True,,,,,True,,,SUBJECT,,1851340
TASER (PROBE DISCHARGE),,,,,,,True,,,,,True,,,NONE,,1861535
TASER (PROBE DISCHARGE),,,,,,,True,,,,,True,,,SUBJECT,,1912971
TASER (PROBE DISCHARGE),,,,,,,True,,,,,True,,,SUBJECT,,1919563
TASER (PROBE DISCHARGE),,,,,,,True,,,,,True,,,SUBJECT,,1952959
TASER (PROBE DISCHARGE),,,,,,,True,,,,,True,,,SUBJECT,,1953679
TASER (PROBE DISCHARGE),,,,,,,True,,,,,True,,,SUBJECT,,1987436
TASER (PROBE DISCHARGE),,,,,,,True,,,,,True,,,SUBJECT,,1997980
TASER (PROBE DISCHARGE),,,,,,,True,,,,,True,,,SUBJECT,,2005526
TASER (PROBE DISCHARGE),,,,,,,True,,,,,True,,,SUBJECT,,2008335
TASER (PROBE DISCHARGE),,,,,,,True,,,,,True,,,SUBJECT,,2018468
TASER (PROBE DISCHARGE),,,,,,,True,,,,,True,,,SUBJECT,,2059433
TASER (PROBE DISCHARGE),,,,,,,True,,,,,True,,,OBJECT,,2061976
CHEMICAL WEAPON,,,,,,,True,,,,,True,,,SUBJECT,,2062524
TASER (PROBE DISCHARGE),,,,,,,True,,,,,True,,,SUBJECT,,2067766
TASER (PROBE DISCHARGE),,,,,,,True,,,,,True,,,SUBJECT,,2087813
TASER (PROBE DISCHARGE),,,,,,,True,,,,,True,,,SUBJECT,,2115708
TASER (PROBE DISCHARGE),,,,,,,True,,,,,True,,,SUBJECT,,2149810
TASER (PROBE DISCHARGE),,,,,,,True,,,,,True,,,SUBJECT,,2156216
TASER (PROBE DISCHARGE),,,,,,,True,,,,,True,,,UNKNOWN,,2156696
CHEMICAL WEAPON,,,,,,,True,,,,,True,,,SUBJECT,,2156733
TASER (PROBE DISCHARGE),,,,,,,True,,,,,True,,,SUBJECT,,2164410
CHEMICAL WEAPON,,,,,,,True,,,,,True,,,SUBJECT,,2221328
TASER (PROBE DISCHARGE),,,,,,,True,,,,,True,,,SUBJECT,,2221461
CHEMICAL WEAPON,,,,,,,True,,,,,True,,,SUBJECT,,2221744
CHEMICAL WEAPON,,,,,,,True,,,,,True,,,SUBJECT,,2235539
CHEMICAL WEAPON,,,,,,,True,,,,,True,,,SUBJECT,,2237017
TASER (PROBE DISCHARGE),,,,,,,True,,,,,True,,,NONE,,2269711
TASER (PROBE DISCHARGE),,,,,,,True,,,,,True,,,SUBJECT,,2278030
TASER (PROBE DISCHARGE),,,,,,,True,,,,,True,,,NONE,,2291768
SEMI-AUTO PISTOL,,GLOCK GMBH,17,,,7.0,True,,,,,True,,,SUBJECT,,2307633
TASER (PROBE DISCHARGE),,,,,,,True,,,,,True,,,SUBJECT,,2336045
TASER (PROBE DISCHARGE),,,,,,,True,,,,,True,,,SUBJECT,,2336460
TASER (PROBE DISCHARGE),,,,,,,True,,,,,True,,,SUBJECT,,2353501
TASER (PROBE DISCHARGE),,,,,,,True,,,,,True,,,SUBJECT,,2432020
TASER (PROBE DISCHARGE),,,,,,,True,,,,,True,,,SUBJECT,,2448297
TASER (PROBE DISCHARGE),,,,,,,True,,,,,True,,,ANY OTHER COMBINATION,,2464365
TASER (PROBE DISCHARGE),,,,,,,True,,,,,True,,,NONE,,2503537
TASER (PROBE DISCHARGE),,,,,,,True,,,,,True,,,SUBJECT,,2543368
TASER (PROBE DISCHARGE),,,,,,,True,,,,,True,,,OBJECT,,2545086
TASER (PROBE DISCHARGE),,,,,,,True,,,,,True,,,SUBJECT,,2545256
TASER (PROBE DISCHARGE),,,,,,,True,,,,,True,,,SUBJECT,,2577864
TASER (PROBE DISCHARGE),,,,,,,True,,,,,True,,,UNKNOWN,,2630855
TASER (PROBE DISCHARGE),,,,,,,True,,,,,True,,,SUBJECT,,2702176
TASER (PROBE DISCHARGE),,,,,,,True,,,,,True,,,SUBJECT,,2729311
TASER (PROBE DISCHARGE),,,,,,,True,,,,,True,,,SUBJECT,,2766227
TASER (PROBE DISCHARGE),,,,,,,True,,,,,True,,,SUBJECT,,2772218
TASER (PROBE DISCHARGE),,,,,,,True,,,,,True,,,SUBJECT,,2788432
TASER (PROBE DISCHARGE),,,,,,,True,,,,,True,,,SUBJECT,,2806336
SEMI-AUTO PISTOL,,GLOCK GMBH,19,,,8.0,True,,,,,True,,,UNKNOWN,,2821123
SEMI-AUTO PISTOL,,GLOCK GMBH,17,,,9.0,True,,,,,True,,,UNKNOWN,,2821128
TASER (PROBE DISCHARGE),,,,,,,True,,,,,True,,,SUBJECT,,2847865
TASER (PROBE DISCHARGE),,,,,,,True,,,,,True,,,SUBJECT,,2881107
TASER (PROBE DISCHARGE),,,,,,,True,,,,,True,,,SUBJECT,,3008995
CHEMICAL WEAPON,,,,,,,True,,,,,True,,,SUBJECT,,3048090
TASER (PROBE DISCHARGE),,,,,,,True,,,,,True,,,SUBJECT,,3066245
TASER (PROBE DISCHARGE),,,,,,,True,,,,,True,,,SUBJECT,,3078829
TASER (PROBE DISCHARGE),,,,,,,True,,,,,True,,,SUBJECT,,3083138
TASER (PROBE DISCHARGE),,,,,,,True,,,,,True,,,SUBJECT,,3088170
TASER (PROBE DISCHARGE),,,,,,,True,,,,,True,,,SUBJECT,,3121704
TASER (PROBE DISCHARGE),,,,,,,True,,,,,True,,,SUBJECT,,3124514
TASER (PROBE DISCHARGE),,,,,,,True,,,,,True,,,SUBJECT,,3128318
TASER (PROBE DISCHARGE),,,,,,,True,,,,,True,,,OBJECT,,3165888
TASER (PROBE DISCHARGE),,,,,,,True,,,,,True,,,SUBJECT,,3166671
TASER (PROBE DISCHARGE),,,,,,,True,,,,,True,,,NONE,,3183505
TASER (PROBE DISCHARGE),,,,,,,True,,,,,True,,,SUBJECT,,3235663
TASER (PROBE DISCHARGE),,,,,,,True,,,,,True,,,SUBJECT,,3237508
TASER (PROBE DISCHARGE),,,,,,,True,,,,,True,,,SUBJECT,,3255887
CHEMICAL WEAPON,,,,,,,True,,,,,True,,,SUBJECT,,3256252
TASER (PROBE DISCHARGE),,,,,,,True,,,,,True,,,SUBJECT,,3256468
TASER (PROBE DISCHARGE),,,,,,,True,,,,,True,,,SUBJECT,,3282190
TASER (PROBE DISCHARGE),,,,,,,True,,,,,True,,,SUBJECT,,3282251
TASER (PROBE DISCHARGE),,,,,,,True,,,,,True,,,SUBJECT,,3306317
TASER (PROBE DISCHARGE),,,,,,,True,,,,,True,,,SUBJECT,,3322876
TASER (PROBE DISCHARGE),,,,,,,True,,,,,True,,,SUBJECT,,3325674
TASER (PROBE DISCHARGE),,,,,,,True,,,,,True,,,SUBJECT,,3364627
TASER (PROBE DISCHARGE),,,,,,,True,,,,,True,,,SUBJECT,,3393317
SEMI-AUTO PISTOL,,GLOCK GMBH,17,,,1.0,True,,,,,True,,,UNKNOWN,,3412460
SEMI-AUTO PISTOL,,GLOCK GMBH,23,,,14.0,True,,,,,True,,,UNKNOWN,,3412816
SEMI-AUTO PISTOL,,"SAUER, J. P. (SAUER & SOHN)",P226,,,1.0,True,,,,,True,,,SUBJECT,,3414859
SEMI-AUTO PISTOL,,GLOCK GMBH,17,,,4.0,True,,,,,True,,,UNKNOWN,,3415022
RIFLE,,DSA INC.,M4,,,2.0,True,,,,,True,,,UNKNOWN,,3415065
SEMI-AUTO PISTOL,,GLOCK GMBH,19,,,1.0,True,,,,,True,,,UNKNOWN,,3415102
RIFLE,,SMITH & WESSON,M&P 15,,,5.0,True,,,,,True,,,UNKNOWN,,3415118
SEMI-AUTO PISTOL,,GLOCK GMBH,21,,,4.0,True,,,,,True,,,SUBJECT,,3415481
TASER (PROBE DISCHARGE),,,,,,,True,,,,,True,,,SUBJECT,,3418817
TASER (PROBE DISCHARGE),,,,,,,True,,,,,True,,,SUBJECT,,3423466
TASER (PROBE DISCHARGE),,,,,,,True,,,,,True,,,SUBJECT,,3425267
CHEMICAL WEAPON,,,,,,,True,,,,,True,,,SUBJECT,,3479248
TASER (PROBE DISCHARGE),,,,,,,True,,,,,True,,,SUBJECT,,3479248
TASER (PROBE DISCHARGE),,,,,,,True,,,,,True,,,NONE,,3542577
TASER (PROBE DISCHARGE),,,,,,,True,,,,,True,,,SUBJECT,,3543777
TASER (PROBE DISCHARGE),,,,,,,True,,,,,True,,,SUBJECT,,3582039
TASER (PROBE DISCHARGE),,,,,,,True,,,,,True,,,SUBJECT,,3592315
CHEMICAL WEAPON,,,,,,,True,,,,,True,,,SUBJECT,,3625355
CHEMICAL WEAPON,,,,,,,True,,,,,True,,,SUBJECT,,3625450
TASER (PROBE DISCHARGE),,,,,,,True,,,,,True,,,SUBJECT,,3731275
TASER (PROBE DISCHARGE),,,,,,,True,,,,,True,,,SUBJECT,,3757741
TASER (PROBE DISCHARGE),,,,,,,True,,,,,True,,,SUBJECT,,3764388
TASER (PROBE DISCHARGE),,,,,,,True,,,,,True,,,SUBJECT,,3779259
TASER (PROBE DISCHARGE),,,,,,,True,,,,,True,,,SUBJECT,,3784980
TASER (PROBE DISCHARGE),,,,,,,True,,,,,True,,,SUBJECT,,3786940
TASER (PROBE DISCHARGE),,,,,,,True,,,,,True,,,SUBJECT,,3795583
TASER (PROBE DISCHARGE),,,,,,,True,,,,,True,,,SUBJECT,,3796599
TASER (PROBE DISCHARGE),,,,,,,True,,,,,True,,,SUBJECT,,3889410
TASER (PROBE DISCHARGE),,,,,,,True,,,,,True,,,SUBJECT,,3905566
TASER (PROBE DISCHARGE),,,,,,,True,,,,,True,,,SUBJECT,,3964275
TASER (PROBE DISCHARGE),,,,,,,True,,,,,True,,,SUBJECT,,3981746
TASER (PROBE DISCHARGE),,,,,,,True,,,,,True,,,SUBJECT,,3997489
TASER (PROBE DISCHARGE),,,,,,,True,,,,,True,,,SUBJECT,,4188824
TASER (PROBE DISCHARGE),,,,,,,True,,,,,True,,,NONE,,4194455
TASER (PROBE DISCHARGE),,,,,,,True,,,,,True,,,SUBJECT,,4247478
CHEMICAL WEAPON,,,,,,,True,,,,,True,,,SUBJECT,,4283774
TASER (PROBE DISCHARGE),,,,,,,True,,,,,True,,,SUBJECT,,4283774
TASER (PROBE DISCHARGE),,,,,,,True,,,,,True,,,UNKNOWN,,4305122
TASER (PROBE DISCHARGE),,,,,,,True,,,,,True,,,SUBJECT,,4323491
TASER (PROBE DISCHARGE),,,,,,,True,,,,,True,,,SUBJECT,,4342706
TASER (PROBE DISCHARGE),,,,,,,True,,,,,True,,,SUBJECT,,4351935
TASER (PROBE DISCHARGE),,,,,,,True,,,,,True,,,SUBJECT,,4402124
TASER (PROBE DISCHARGE),,,,,,,True,,,,,True,,,SUBJECT,,4402133
SEMI-AUTO PISTOL,,GLOCK GMBH,17,,,6.0,True,,,,,True,,,SUBJECT,,4430478
TASER (PROBE DISCHARGE),,,,,,,True,,,,,True,,,NONE,,4459431
TASER (PROBE DISCHARGE),,,,,,,True,,,,,True,,,SUBJECT,,4518614
TASER (PROBE DISCHARGE),,,,,,,True,,,,,True,,,SUBJECT,,4554173
TASER (PROBE DISCHARGE),,,,,,,True,,,,,True,,,SUBJECT,,4555538
TASER (PROBE DISCHARGE),,,,,,,True,,,,,True,,,SUBJECT,,4562617
CHEMICAL WEAPON,,,,,,,True,,,,,True,,,NONE,,4635508
CHEMICAL WEAPON,,,,,,,True,,,,,True,,,OBJECT,,4635737
CHEMICAL WEAPON,,,,,,,True,,,,,True,,,NONE,,4635750
CHEMICAL WEAPON,,,,,,,True,,,,,True,,,OBJECT,,4635815
CHEMICAL WEAPON,,,,,,,True,,,,,True,,,OBJECT,,4635816
CHEMICAL WEAPON,,,,,,,True,,,,,True,,,OBJECT,,4635817
CHEMICAL WEAPON,,,,,,,True,,,,,True,,,NONE,,4635818
CHEMICAL WEAPON,,,,,,,True,,,,,True,,,UNKNOWN,,4635836
CHEMICAL WEAPON,,,,,,,True,,,,,True,,,OBJECT,,4635849
TASER (PROBE DISCHARGE),,,,,,,True,,,,,True,,,SUBJECT,,4664330
TASER (PROBE DISCHARGE),,,,,,,True,,,,,True,,,SUBJECT,,4686334
SEMI-AUTO PISTOL,,GLOCK GMBH,19,,,1.0,True,,,,,True,,,UNKNOWN,,4692677
TASER (PROBE DISCHARGE),,,,,,,True,,,,,True,,,SUBJECT,,4720268
TASER (PROBE DISCHARGE),,,,,,,True,,,,,True,,,SUBJECT,,4725920
TASER (PROBE DISCHARGE),,,,,,,True,,,,,True,,,SUBJECT,,4741333
SEMI-AUTO PISTOL,,"S.I.G. (SWISS INDUSTRIEL GESELLSHAFT),SIG-ARMS,SIG-SAUER",P226,,,2.0,True,,,,,True,,,SUBJECT,,4798329
TASER (PROBE DISCHARGE),,,,,,,True,,,,,True,,,SUBJECT,,4807900
SEMI-AUTO PISTOL,,GLOCK GMBH,17,,,3.0,True,,,,,True,,,SUBJECT,,4819918
TASER (PROBE DISCHARGE),,,,,,,True,,,,,True,,,SUBJECT,,4820392
TASER (PROBE DISCHARGE),,,,,,,True,,,,,True,,,SUBJECT,,4840454
TASER (PROBE DISCHARGE),,,,,,,True,,,,,True,,,SUBJECT,,4887495
TASER (PROBE DISCHARGE),,,,,,,True,,,,,True,,,NONE,,4888887
TASER (PROBE DISCHARGE),,,,,,,True,,,,,True,,,SUBJECT,,4898406
TASER (PROBE DISCHARGE),,,,,,,True,,,,,True,,,SUBJECT,,4964702
TASER (PROBE DISCHARGE),,,,,,,True,,,,,True,,,NONE,,4966776
TASER (PROBE DISCHARGE),,,,,,,True,,,,,True,,,SUBJECT,,5124692
TASER (PROBE DISCHARGE),,,,,,,True,,,,,True,,,NONE,,5136949
TASER (PROBE DISCHARGE),,,,,,,True,,,,,True,,,SUBJECT,,5184036
TASER (PROBE DISCHARGE),,,,,,,True,,,,,True,,,SUBJECT,,5196438
SEMI-AUTO PISTOL,,"SAUER, J. P. (SAUER & SOHN)",P228,,,3.0,True,,,,,True,,,UNKNOWN,,5208466
TASER (PROBE DISCHARGE),,,,,,,True,,,,,True,,,SUBJECT,,5238077
CHEMICAL WEAPON,,,,,,,True,,,,,True,,,SUBJECT,,5258439
TASER (PROBE DISCHARGE),,,,,,,True,,,,,True,,,SUBJECT,,5271859
TASER (PROBE DISCHARGE),,,,,,,True,,,,,True,,,SUBJECT,,5277021
TASER (PROBE DISCHARGE),,,,,,,True,,,,,True,,,SUBJECT,,5283418
TASER (PROBE DISCHARGE),,,,,,,True,,,,,True,,,SUBJECT,,5402492
CHEMICAL WEAPON,,,,,,,True,,,,,True,,,SUBJECT,,5437745
SEMI-AUTO PISTOL,,GLOCK GMBH,19,,,2.0,True,,,,,True,,,SUBJECT,,5437745
TASER (PROBE DISCHARGE),,,,,,,True,,,,,True,,,SUBJECT,,5437745
TASER (PROBE DISCHARGE),,,,,,,True,,,,,True,,,UNKNOWN,,5437763
OTHER (SPECIFY),,,,,,,True,,,,,True,,,SUBJECT,,5446070
SEMI-AUTO PISTOL,,GLOCK GMBH,19,,,13.0,True,,,,,True,,,SUBJECT,,5453112
TASER (PROBE DISCHARGE),,,,,,,True,,,,,True,,,SUBJECT,,5475790
TASER (PROBE DISCHARGE),,,,,,,True,,,,,True,,,SUBJECT,,5476518
SEMI-AUTO PISTOL,,GLOCK GMBH,26,,,1.0,True,,,,,True,,,SUBJECT,,5525512
TASER (PROBE DISCHARGE),,,,,,,True,,,,,True,,,SUBJECT,,5552004
TASER (PROBE DISCHARGE),,,,,,,True,,,,,True,,,SUBJECT,,5574695
TASER (PROBE DISCHARGE),,,,,,,True,,,,,True,,,SUBJECT,,5603387
TASER (PROBE DISCHARGE),,,,,,,True,,,,,True,,,SUBJECT,,5624180
TASER (PROBE DISCHARGE),,,,,,,True,,,,,True,,,SUBJECT,,5695819
TASER (PROBE DISCHARGE),,,,,,,True,,,,,True,,,SUBJECT,,5696805
TASER (PROBE DISCHARGE),,,,,,,True,,,,,True,,,SUBJECT,,5728796
TASER (PROBE DISCHARGE),,,,,,,True,,,,,True,,,SUBJECT,,5735356
TASER (PROBE DISCHARGE),,,,,,,True,,,,,True,,,SUBJECT,,5745189
TASER (PROBE DISCHARGE),,,,,,,True,,,,,True,,,SUBJECT,,5765502
TASER (PROBE DISCHARGE),,,,,,,True,,,,,True,,,OBJECT,,5799594
TASER (PROBE DISCHARGE),,,,,,,True,,,,,True,,,NONE,,5803374
TASER (PROBE DISCHARGE),,,,,,,True,,,,,True,,,SUBJECT,,5806591
TASER (PROBE DISCHARGE),,,,,,,True,,,,,True,,,SUBJECT,,5811990
TASER (PROBE DISCHARGE),,,,,,,True,,,,,True,,,SUBJECT,,5897444
SEMI-AUTO PISTOL,,GLOCK GMBH,17,,,1.0,True,,,,,True,,,NONE,,5899540
TASER (PROBE DISCHARGE),,,,,,,True,,,,,True,,,SUBJECT,,5909505
TASER (PROBE DISCHARGE),,,,,,,True,,,,,True,,,SUBJECT,,5909581
TASER (PROBE DISCHARGE),,,,,,,True,,,,,True,,,SUBJECT,,5909717
TASER (PROBE DISCHARGE),,,,,,,True,,,,,True,,,SUBJECT,,5920493
TASER (PROBE DISCHARGE),,,,,,,True,,,,,True,,,SUBJECT,,5922363
TASER (PROBE DISCHARGE),,,,,,,True,,,,,True,,,SUBJECT,,5922448
TASER (PROBE DISCHARGE),,,,,,,True,,,,,True,,,SUBJECT,,5923624
TASER (PROBE DISCHARGE),,,,,,,True,,,,,True,,,SUBJECT,,5923870
OTHER (SPECIFY),,,,,,,True,,,,,True,,,UNKNOWN,,5924119
SHOTGUN,,REMINGTON ARMS CO.,870,,,1.0,True,,,,,True,,,UNKNOWN,,5924119
TASER (PROBE DISCHARGE),,,,,,,True,,,,,True,,,SUBJECT,,5933119
CHEMICAL WEAPON,,,,,,,True,,,,,True,,,SUBJECT,,5946921
TASER (PROBE DISCHARGE),,,,,,,True,,,,,True,,,SUBJECT,,5956706
TASER (PROBE DISCHARGE),,,,,,,True,,,,,True,,,SUBJECT,,5956753
TASER (PROBE DISCHARGE),,,,,,,True,,,,,True,,,SUBJECT,,5977367
TASER (PROBE DISCHARGE),,,,,,,True,,,,,True,,,SUBJECT,,5993275
TASER (PROBE DISCHARGE),,,,,,,True,,,,,True,,,NONE,,5996190
CHEMICAL WEAPON,,,,,,,True,,,,,True,,,SUBJECT,,6035201
TASER (PROBE DISCHARGE),,,,,,,True,,,,,True,,,SUBJECT,,6042720
TASER (PROBE DISCHARGE),,,,,,,True,,,,,True,,,SUBJECT,,6043797
TASER (PROBE DISCHARGE),,,,,,,True,,,,,True,,,SUBJECT,,6044038
CHEMICAL WEAPON,,,,,,,True,,,,,True,,,SUBJECT,,6075304
CHEMICAL WEAPON,,,,,,,True,,,,,True,,,SUBJECT,,6075976
CHEMICAL WEAPON,,,,,,,True,,,,,True,,,SUBJECT,,6076795
CHEMICAL WEAPON,,,,,,,True,,,,,True,,,SUBJECT,,6076801
TASER (PROBE DISCHARGE),,,,,,,True,,,,,True,,,SUBJECT,,6077691
TASER (PROBE DISCHARGE),,,,,,,True,,,,,True,,,SUBJECT,,6078326
TASER (PROBE DISCHARGE),,,,,,,True,,,,,True,,,SUBJECT,,6081331
TASER (PROBE DISCHARGE),,,,,,,True,,,,,True,,,SUBJECT,,6081987
TASER (PROBE DISCHARGE),,,,,,,True,,,,,True,,,SUBJECT,,6082004
TASER (PROBE DISCHARGE),,,,,,,True,,,,,True,,,SUBJECT,,6083546
